Provincia,Año,Trimestre,ADSL,Cablemodem,Fibra óptica,Fecha,ADSL_Change,Cablemodem_Change,Fibra_Change,Total_Accesos,Penetracion_Fibra
Buenos Aires,2014,1,1567685,1000879,120960,2014-01-01,,,,2689524,0.04497450106412882
Buenos Aires,2014,2,1568881,1025490,120008,2014-04-01,1196.0,24611.0,-952.0,2714379,0.04421195418915339
Buenos Aires,2014,3,1562533,1110628,124474,2014-07-01,-6348.0,85138.0,4466.0,2797635,0.044492580340180186
Buenos Aires,2014,4,1575978,1070135,120528,2014-10-01,13445.0,-40493.0,-3946.0,2766641,0.04356474150422841
Buenos Aires,2015,1,1583135,1096836,134177,2015-01-01,7157.0,26701.0,13649.0,2814148,0.047679439745173316
Buenos Aires,2015,2,1581770,1141052,115660,2015-04-01,-1365.0,44216.0,-18517.0,2838482,0.04074713174154354
Buenos Aires,2015,3,1585467,1183894,113590,2015-07-01,3697.0,42842.0,-2070.0,2882951,0.03940060028769133
Buenos Aires,2015,4,1586343,1223603,103269,2015-10-01,876.0,39709.0,-10321.0,2913215,0.0354484650120228
Buenos Aires,2016,1,1583560,1200859,111231,2016-01-01,-2783.0,-22744.0,7962.0,2895650,0.03841313694679951
Buenos Aires,2016,2,1579448,1305949,113070,2016-04-01,-4112.0,105090.0,1839.0,2998467,0.037709269436682145
Buenos Aires,2016,3,1574216,1355770,113463,2016-07-01,-5232.0,49821.0,393.0,3043449,0.037281058430747485
Buenos Aires,2016,4,1563542,1414676,118747,2016-10-01,-10674.0,58906.0,5284.0,3096965,0.03834302292728526
Buenos Aires,2017,1,1559178,1465817,118839,2017-01-01,-4364.0,51141.0,92.0,3143834,0.03780065995850926
Buenos Aires,2017,2,1378549,1535037,119132,2017-04-01,-180629.0,69220.0,293.0,3032718,0.039282254400178324
Buenos Aires,2017,3,1288025,1571180,124920,2017-07-01,-90524.0,36143.0,5788.0,2984125,0.04186151719515771
Buenos Aires,2017,4,1241172,1718013,131181,2017-10-01,-46853.0,146833.0,6261.0,3090366,0.04244837019304509
Buenos Aires,2018,1,1452061,1793884,133928,2018-01-01,210889.0,75871.0,2747.0,3379873,0.03962515751331485
Buenos Aires,2018,2,1450203,1807868,143626,2018-04-01,-1858.0,13984.0,9698.0,3401697,0.042221867497310904
Buenos Aires,2018,3,1435856,1929273,156382,2018-07-01,-14347.0,121405.0,12756.0,3521511,0.044407642060467795
Buenos Aires,2018,4,1305576,1949637,296102,2018-10-01,-130280.0,20364.0,139720.0,3551315,0.08337812894660147
Buenos Aires,2019,4,720011,2191672,669194,2019-10-01,-585565.0,242035.0,373092.0,3580877,0.18687991796423056
Buenos Aires,2020,1,673237,2210349,720688,2020-01-01,-46774.0,18677.0,51494.0,3604274,0.1999537216094004
Buenos Aires,2020,2,661272,2244277,723072,2020-04-01,-11965.0,33928.0,2384.0,3628621,0.19926908872544144
Buenos Aires,2020,3,653930,2384557,749087,2020-07-01,-7342.0,140280.0,26015.0,3787574,0.19777488175808577
Buenos Aires,2020,4,635651,2441248,804991,2020-10-01,-18279.0,56691.0,55904.0,3881890,0.20737089407479348
Buenos Aires,2021,1,629679,2452056,821597,2021-01-01,-5972.0,10808.0,16606.0,3903332,0.21048606677577003
Buenos Aires,2021,2,603255,2503830,854173,2021-04-01,-26424.0,51774.0,32576.0,3961258,0.21563175132748233
Buenos Aires,2021,3,585729,2595485,885613,2021-07-01,-17526.0,91655.0,31440.0,4066827,0.21776510286766562
Buenos Aires,2021,4,426325,2706506,1176024,2021-10-01,-159404.0,111021.0,290411.0,4308855,0.27293190418336194
Buenos Aires,2022,1,392045,2728865,1242121,2022-01-01,-34280.0,22359.0,66097.0,4363031,0.28469222428169777
Buenos Aires,2022,2,350652,2719613,1399043,2022-04-01,-41393.0,-9252.0,156922.0,4469308,0.31303347184843827
Buenos Aires,2022,3,339648,2748325,1436433,2022-07-01,-11004.0,28712.0,37390.0,4524406,0.3174854334469541
Buenos Aires,2022,4,325908,2767247,1499149,2022-10-01,-13740.0,18922.0,62716.0,4592304,0.32644811841724763
Buenos Aires,2023,1,304583,2761043,1551074,2023-01-01,-21325.0,-6204.0,51925.0,4616700,0.33597028180301947
Buenos Aires,2023,2,265537,2766463,1645945,2023-04-01,-39046.0,5420.0,94871.0,4677945,0.3518521487533522
Buenos Aires,2023,3,237705,2784175,1740239,2023-07-01,-27832.0,17712.0,94294.0,4762119,0.3654337491356264
Buenos Aires,2023,4,223391,2797700,1784593,2023-10-01,-14314.0,13525.0,44354.0,4805684,0.37135046748808287
Buenos Aires,2024,2,214055,2722466,1849476,2024-04-01,-9336.0,-75234.0,64883.0,4785997,0.3864348431476242
Capital Federal,2014,1,445569,820161,17767,2014-01-01,,,,1283497,0.013842650197078763
Capital Federal,2014,2,447637,828411,17729,2014-04-01,2068.0,8250.0,-38.0,1293777,0.013703288897545712
Capital Federal,2014,3,450155,833402,17886,2014-07-01,2518.0,4991.0,157.0,1301443,0.013743206579158672
Capital Federal,2014,4,455785,840224,17155,2014-10-01,5630.0,6822.0,-731.0,1313164,0.013063867117892357
Capital Federal,2015,1,454934,841743,19334,2015-01-01,-851.0,1519.0,2179.0,1316011,0.014691366561525702
Capital Federal,2015,2,453178,858342,19786,2015-04-01,-1756.0,16599.0,452.0,1331306,0.014862097819734906
Capital Federal,2015,3,454815,871262,30974,2015-07-01,1637.0,12920.0,11188.0,1357051,0.022824492226158045
Capital Federal,2015,4,455427,879950,19818,2015-10-01,612.0,8688.0,-11156.0,1355195,0.014623725736886573
Capital Federal,2016,1,454425,832126,36332,2016-01-01,-1002.0,-47824.0,16514.0,1322883,0.027464257988045807
Capital Federal,2016,2,450644,892209,36669,2016-04-01,-3781.0,60083.0,337.0,1379522,0.026580946153812696
Capital Federal,2016,3,447726,905105,36796,2016-07-01,-2918.0,12896.0,127.0,1389627,0.0264790479747443
Capital Federal,2016,4,434835,914952,38161,2016-10-01,-12891.0,9847.0,1365.0,1387948,0.027494545905178004
Capital Federal,2017,1,428801,918328,38259,2017-01-01,-6034.0,3376.0,98.0,1385388,0.027616090221656314
Capital Federal,2017,2,615262,932466,38628,2017-04-01,186461.0,14138.0,369.0,1586356,0.02435014586889702
Capital Federal,2017,3,583249,941092,33481,2017-07-01,-32013.0,8626.0,-5147.0,1557822,0.021492185885165313
Capital Federal,2017,4,571363,961688,36277,2017-10-01,-11886.0,20596.0,2796.0,1569328,0.02311626377659737
Capital Federal,2018,1,349995,968483,35535,2018-01-01,-221368.0,6795.0,-742.0,1354013,0.02624420888130321
Capital Federal,2018,2,342431,977916,35610,2018-04-01,-7564.0,9433.0,75.0,1355957,0.026261894735600023
Capital Federal,2018,3,334353,1009252,35694,2018-07-01,-8078.0,31336.0,84.0,1379299,0.025878362849534438
Capital Federal,2018,4,328253,1019490,33042,2018-10-01,-6100.0,10238.0,-2652.0,1380785,0.02392986598203196
Capital Federal,2019,4,196938,1093143,35534,2019-10-01,-131315.0,73653.0,2492.0,1325615,0.026805671329911022
Capital Federal,2020,1,184494,1097635,38898,2020-01-01,-12444.0,4492.0,3364.0,1321027,0.029445272503892804
Capital Federal,2020,2,178896,1106133,39482,2020-04-01,-5598.0,8498.0,584.0,1324511,0.029808736960281947
Capital Federal,2020,3,170375,1129573,39417,2020-07-01,-8521.0,23440.0,-65.0,1339365,0.029429617766628214
Capital Federal,2020,4,163060,1142528,39890,2020-10-01,-7315.0,12955.0,473.0,1345478,0.02964745614569692
Capital Federal,2021,1,159805,1145093,39980,2021-01-01,-3255.0,2565.0,90.0,1344878,0.029727603544708145
Capital Federal,2021,2,148989,1175097,41318,2021-04-01,-10816.0,30004.0,1338.0,1365404,0.030260640806676998
Capital Federal,2021,3,142902,1192107,42966,2021-07-01,-6087.0,17010.0,1648.0,1377975,0.031180536657051106
Capital Federal,2021,4,111360,1205128,60005,2021-10-01,-31542.0,13021.0,17039.0,1376493,0.043592666290348005
Capital Federal,2022,1,102290,1217225,62308,2022-01-01,-9070.0,12097.0,2303.0,1381823,0.04509115856372343
Capital Federal,2022,2,145491,1232226,121506,2022-04-01,43201.0,15001.0,59198.0,1499223,0.08104598181858202
Capital Federal,2022,3,140791,1240125,129218,2022-07-01,-4700.0,7899.0,7712.0,1510134,0.08556724105278074
Capital Federal,2022,4,138753,1238196,138548,2022-10-01,-2038.0,-1929.0,9330.0,1515497,0.09142083422138084
Capital Federal,2023,1,132149,1223930,156222,2023-01-01,-6604.0,-14266.0,17674.0,1512301,0.10330086404756725
Capital Federal,2023,2,68348,1218631,136295,2023-04-01,-63801.0,-5299.0,-19927.0,1423274,0.09576160317690058
Capital Federal,2023,3,60765,1205339,167428,2023-07-01,-7583.0,-13292.0,31133.0,1433532,0.11679404436036307
Capital Federal,2023,4,58700,1198835,182520,2023-10-01,-2065.0,-6504.0,15092.0,1440055,0.12674515903906447
Capital Federal,2024,1,70108,1177475,203756,2024-01-01,11408.0,-21360.0,21236.0,1451339,0.14039173480489398
Capital Federal,2024,2,54102,1144781,230402,2024-04-01,-16006.0,-32694.0,26646.0,1429285,0.1612008801603599
Catamarca,2014,1,24126,46,17,2014-01-01,,,,24189,0.0007027987928397206
Catamarca,2014,2,24380,243,17,2014-04-01,254.0,197.0,0.0,24640,0.000689935064935065
Catamarca,2014,3,24380,244,15,2014-07-01,0.0,1.0,-2.0,24639,0.0006087909411907951
Catamarca,2014,4,25192,241,16,2014-10-01,812.0,-3.0,1.0,25449,0.0006287083971865299
Catamarca,2015,1,25033,241,16,2015-01-01,-159.0,0.0,0.0,25290,0.0006326611308817714
Catamarca,2015,2,25387,242,15,2015-04-01,354.0,1.0,-1.0,25644,0.000584932147870847
Catamarca,2015,3,25801,242,15,2015-07-01,414.0,0.0,0.0,26058,0.0005756389592447617
Catamarca,2015,4,26180,242,15,2015-10-01,379.0,0.0,0.0,26437,0.000567386617240988
Catamarca,2016,1,26096,243,15,2016-01-01,-84.0,1.0,0.0,26354,0.0005691735599908932
Catamarca,2016,2,26262,245,14,2016-04-01,166.0,2.0,-1.0,26521,0.0005278835639681761
Catamarca,2016,3,26689,248,14,2016-07-01,427.0,3.0,0.0,26951,0.0005194612444807243
Catamarca,2016,4,26735,250,14,2016-10-01,46.0,2.0,0.0,26999,0.0005185377236193933
Catamarca,2017,1,26020,248,14,2017-01-01,-715.0,-2.0,0.0,26282,0.000532683966212617
Catamarca,2017,2,26401,255,14,2017-04-01,381.0,7.0,0.0,26670,0.0005249343832020997
Catamarca,2017,3,26873,4411,12,2017-07-01,472.0,4156.0,-2.0,31296,0.0003834355828220859
Catamarca,2017,4,27083,263,11,2017-10-01,210.0,-4148.0,-1.0,27357,0.0004020908725371934
Catamarca,2018,1,27300,4415,15,2018-01-01,217.0,4152.0,4.0,31730,0.0004727387330601954
Catamarca,2018,2,27444,4415,15,2018-04-01,144.0,0.0,0.0,31874,0.00047060299930978225
Catamarca,2018,3,27553,4443,15,2018-07-01,109.0,28.0,0.0,32011,0.00046858892255787073
Catamarca,2018,4,26912,4443,16,2018-10-01,-641.0,0.0,1.0,31371,0.0005100251824933856
Catamarca,2019,4,22999,3318,9506,2019-10-01,-3913.0,-1125.0,9490.0,35823,0.26536024341903247
Catamarca,2020,1,21945,3146,12056,2020-01-01,-1054.0,-172.0,2550.0,37147,0.3245484157536275
Catamarca,2020,2,26968,3641,14878,2020-04-01,5023.0,495.0,2822.0,45487,0.3270824631213314
Catamarca,2020,3,26868,3690,16857,2020-07-01,-100.0,49.0,1979.0,47415,0.3555204049351471
Catamarca,2020,4,26870,5115,17856,2020-10-01,2.0,1425.0,999.0,49841,0.35825926446098594
Catamarca,2021,1,26316,4409,18688,2021-01-01,-554.0,-706.0,832.0,49413,0.3782000688078036
Catamarca,2021,2,20305,9426,22331,2021-04-01,-6011.0,5017.0,3643.0,52062,0.4289308900925819
Catamarca,2021,3,18413,11709,22331,2021-07-01,-1892.0,2283.0,0.0,52453,0.42573351381236535
Catamarca,2021,4,16385,13858,25100,2021-10-01,-2028.0,2149.0,2769.0,55343,0.4535352257738106
Catamarca,2022,1,14181,15517,29118,2022-01-01,-2204.0,1659.0,4018.0,58816,0.49506936887921654
Catamarca,2022,2,11928,9430,42087,2022-04-01,-2253.0,-6087.0,12969.0,63445,0.6633619670580818
Catamarca,2022,3,10010,10495,46224,2022-07-01,-1918.0,1065.0,4137.0,66729,0.6927123139864227
Catamarca,2022,4,8952,10998,47337,2022-10-01,-1058.0,503.0,1113.0,67287,0.7035088501493602
Catamarca,2023,1,6980,10655,50230,2023-01-01,-1972.0,-343.0,2893.0,67865,0.7401458778457232
Catamarca,2023,2,7637,10700,53177,2023-04-01,657.0,45.0,2947.0,71514,0.7435886679531281
Catamarca,2023,3,7164,11066,54650,2023-07-01,-473.0,366.0,1473.0,72880,0.7498627881448957
Catamarca,2023,4,6669,11016,55437,2023-10-01,-495.0,-50.0,787.0,73122,0.7581439238532863
Catamarca,2024,1,5901,11025,56542,2024-01-01,-768.0,9.0,1105.0,73468,0.7696139815974302
Catamarca,2024,2,4951,10303,58355,2024-04-01,-950.0,-722.0,1813.0,73609,0.7927699058539037
Chaco,2014,1,52971,9497,30,2014-01-01,,,,62498,0.00048001536049153574
Chaco,2014,2,53321,9870,30,2014-04-01,350.0,373.0,0.0,63221,0.00047452586956865596
Chaco,2014,3,53321,10336,29,2014-07-01,0.0,466.0,-1.0,63686,0.00045535910561190845
Chaco,2014,4,55024,10918,31,2014-10-01,1703.0,582.0,2.0,65973,0.0004698891970957816
Chaco,2015,1,54952,26161,164,2015-01-01,-72.0,15243.0,133.0,81277,0.002017791010987118
Chaco,2015,2,55767,27809,179,2015-04-01,815.0,1648.0,15.0,83755,0.0021371858396513643
Chaco,2015,3,56282,28809,186,2015-07-01,515.0,1000.0,7.0,85277,0.0021811273848751714
Chaco,2015,4,56818,29456,186,2015-10-01,536.0,647.0,0.0,86460,0.0021512838306731435
Chaco,2016,1,56353,29994,211,2016-01-01,-465.0,538.0,25.0,86558,0.0024376718500889578
Chaco,2016,2,56112,31825,221,2016-04-01,-241.0,1831.0,10.0,88158,0.0025068626783729215
Chaco,2016,3,56251,32730,232,2016-07-01,139.0,905.0,11.0,89213,0.0026005178617466065
Chaco,2016,4,54974,33534,248,2016-10-01,-1277.0,804.0,16.0,88756,0.002794177295056109
Chaco,2017,1,54430,34277,252,2017-01-01,-544.0,743.0,4.0,88959,0.00283276565608876
Chaco,2017,2,54449,35613,458,2017-04-01,19.0,1336.0,206.0,90520,0.005059655324790102
Chaco,2017,3,54888,37307,456,2017-07-01,439.0,1694.0,-2.0,92651,0.004921695394545121
Chaco,2017,4,55035,39690,389,2017-10-01,147.0,2383.0,-67.0,95114,0.004089829047248565
Chaco,2018,1,54879,40157,383,2018-01-01,-156.0,467.0,-6.0,95419,0.004013875643215712
Chaco,2018,2,54134,40750,562,2018-04-01,-745.0,593.0,179.0,95446,0.005888146176895836
Chaco,2018,3,53927,42359,1990,2018-07-01,-207.0,1609.0,1428.0,98276,0.020249094387235947
Chaco,2018,4,53409,43555,1940,2018-10-01,-518.0,1196.0,-50.0,98904,0.019614980182803526
Chaco,2019,4,48661,53602,8831,2019-10-01,-4748.0,10047.0,6891.0,111094,0.07949124165121428
Chaco,2020,1,46356,54144,11958,2020-01-01,-2305.0,542.0,3127.0,112458,0.10633303099823935
Chaco,2020,2,46816,56017,17266,2020-04-01,460.0,1873.0,5308.0,120099,0.14376472743320096
Chaco,2020,3,45745,58825,20675,2020-07-01,-1071.0,2808.0,3409.0,125245,0.16507645015769093
Chaco,2020,4,44332,61200,23687,2020-10-01,-1413.0,2375.0,3012.0,129219,0.1833089561132651
Chaco,2021,1,43214,61251,25426,2021-01-01,-1118.0,51.0,1739.0,129891,0.19574874317697147
Chaco,2021,2,39826,62948,27584,2021-04-01,-3388.0,1697.0,2158.0,130358,0.2116018963162982
Chaco,2021,3,38258,63659,27583,2021-07-01,-1568.0,711.0,-1.0,129500,0.212996138996139
Chaco,2021,4,35548,63145,34688,2021-10-01,-2710.0,-514.0,7105.0,133381,0.2600670260381914
Chaco,2022,1,32391,64546,36662,2022-01-01,-3157.0,1401.0,1974.0,133599,0.2744182216932761
Chaco,2022,2,29552,61284,42194,2022-04-01,-2839.0,-3262.0,5532.0,133030,0.3171765767120198
Chaco,2022,3,27164,61800,44645,2022-07-01,-2388.0,516.0,2451.0,133609,0.3341466517974089
Chaco,2022,4,24582,61265,47285,2022-10-01,-2582.0,-535.0,2640.0,133132,0.3551738124568098
Chaco,2023,1,21243,60727,49756,2023-01-01,-3339.0,-538.0,2471.0,131726,0.3777234562652779
Chaco,2023,2,19115,59944,51955,2023-04-01,-2128.0,-783.0,2199.0,131014,0.3965606729051857
Chaco,2023,3,16420,60058,54993,2023-07-01,-2695.0,114.0,3038.0,131471,0.41828996508735766
Chaco,2023,4,14000,60277,62301,2023-10-01,-2420.0,219.0,7308.0,136578,0.45615692131968544
Chaco,2024,1,11343,58929,64463,2024-01-01,-2657.0,-1348.0,2162.0,134735,0.4784428693361042
Chaco,2024,2,9448,57935,68944,2024-04-01,-1895.0,-994.0,4481.0,136327,0.5057252048383666
Chubut,2014,1,51066,539,866,2014-01-01,,,,52471,0.01650435478645347
Chubut,2014,2,51070,649,866,2014-04-01,4.0,110.0,0.0,52585,0.01646857468859941
Chubut,2014,3,49219,668,882,2014-07-01,-1851.0,19.0,16.0,50769,0.017372806240028363
Chubut,2014,4,48539,697,891,2014-10-01,-680.0,29.0,9.0,50127,0.017774851876234364
Chubut,2015,1,45645,717,906,2015-01-01,-2894.0,20.0,15.0,47268,0.019167301345519167
Chubut,2015,2,43949,762,916,2015-04-01,-1696.0,45.0,10.0,45627,0.020075832292283078
Chubut,2015,3,43964,792,916,2015-07-01,15.0,30.0,0.0,45672,0.02005605184795936
Chubut,2015,4,43968,811,916,2015-10-01,4.0,19.0,0.0,45695,0.020045956888062152
Chubut,2016,1,43967,834,916,2016-01-01,-1.0,23.0,0.0,45717,0.02003631034407332
Chubut,2016,2,43977,867,916,2016-04-01,10.0,33.0,0.0,45760,0.02001748251748252
Chubut,2016,3,43987,935,916,2016-07-01,10.0,68.0,0.0,45838,0.019983419869976874
Chubut,2016,4,43994,955,916,2016-10-01,7.0,20.0,0.0,45865,0.019971655946800393
Chubut,2017,1,43994,999,916,2017-01-01,0.0,44.0,0.0,45909,0.019952514757454964
Chubut,2017,2,43994,1067,916,2017-04-01,0.0,68.0,0.0,45977,0.019923004980751245
Chubut,2017,3,56359,5645,1217,2017-07-01,12365.0,4578.0,301.0,63221,0.01924993277550181
Chubut,2017,4,56378,15097,1187,2017-10-01,19.0,9452.0,-30.0,72662,0.016335911480553796
Chubut,2018,1,56375,19591,1194,2018-01-01,-3.0,4494.0,7.0,77160,0.015474339035769828
Chubut,2018,2,58935,19591,1239,2018-04-01,2560.0,0.0,45.0,79765,0.015533128565160158
Chubut,2018,3,58887,23065,1239,2018-07-01,-48.0,3474.0,0.0,83191,0.01489343799209049
Chubut,2018,4,37215,23065,952,2018-10-01,-21672.0,0.0,-287.0,61232,0.015547426182388293
Chubut,2019,4,47045,26977,1324,2019-10-01,9830.0,3912.0,372.0,75346,0.01757226661003902
Chubut,2020,1,45763,27287,1324,2020-01-01,-1282.0,310.0,0.0,74374,0.017801920025815474
Chubut,2020,2,45761,38279,1324,2020-04-01,-2.0,10992.0,0.0,85364,0.01551005107539478
Chubut,2020,3,45761,39386,2897,2020-07-01,0.0,1107.0,1573.0,88044,0.03290400254418246
Chubut,2020,4,45703,39756,3040,2020-10-01,-58.0,370.0,143.0,88499,0.034350670629046655
Chubut,2021,1,45501,40960,3444,2021-01-01,-202.0,1204.0,404.0,89905,0.03830710194093766
Chubut,2021,2,49271,41497,6081,2021-04-01,3770.0,537.0,2637.0,96849,0.06278846451692842
Chubut,2021,3,49269,55794,8946,2021-07-01,-2.0,14297.0,2865.0,114009,0.07846748940873088
Chubut,2021,4,46361,57412,9655,2021-10-01,-2908.0,1618.0,709.0,113428,0.08512007617166838
Chubut,2022,1,44133,66667,9184,2022-01-01,-2228.0,9255.0,-471.0,119984,0.0765435391385518
Chubut,2022,2,45377,69242,9574,2022-04-01,1244.0,2575.0,390.0,124193,0.07708969104538903
Chubut,2022,3,45377,72212,9574,2022-07-01,0.0,2970.0,0.0,127163,0.07528919575662732
Chubut,2022,4,45450,73923,9815,2022-10-01,73.0,1711.0,241.0,129188,0.07597454871969533
Chubut,2023,1,45448,73525,9815,2023-01-01,-2.0,-398.0,0.0,128788,0.07621051650774917
Chubut,2023,2,33702,73689,16111,2023-04-01,-11746.0,164.0,6296.0,123502,0.1304513287234215
Chubut,2023,3,26352,75460,25827,2023-07-01,-7350.0,1771.0,9716.0,127639,0.2023441111259098
Chubut,2023,4,26306,77217,26174,2023-10-01,-46.0,1757.0,347.0,129697,0.20180883135307678
Chubut,2024,1,26306,77217,26356,2024-01-01,0.0,0.0,182.0,129879,0.2029273400626737
Chubut,2024,2,25955,80704,26516,2024-04-01,-351.0,3487.0,160.0,133175,0.19910643889618923
Corrientes,2014,1,52565,8279,31,2014-01-01,,,,60875,0.0005092402464065708
Corrientes,2014,2,52883,8680,31,2014-04-01,318.0,401.0,0.0,61594,0.0005032957755625548
Corrientes,2014,3,52957,9184,31,2014-07-01,74.0,504.0,0.0,62172,0.0004986167406549572
Corrientes,2014,4,54754,9526,40,2014-10-01,1797.0,342.0,9.0,64320,0.0006218905472636816
Corrientes,2015,1,54649,25372,129,2015-01-01,-105.0,15846.0,89.0,80150,0.0016094822208359326
Corrientes,2015,2,55238,26553,157,2015-04-01,589.0,1181.0,28.0,81948,0.0019158490750231854
Corrientes,2015,3,55792,27604,176,2015-07-01,554.0,1051.0,19.0,83572,0.0021059685061982484
Corrientes,2015,4,55681,28178,177,2015-10-01,-111.0,574.0,1.0,84036,0.002106240182778809
Corrientes,2016,1,55454,28491,192,2016-01-01,-227.0,313.0,15.0,84137,0.0022819924646707156
Corrientes,2016,2,55511,29845,203,2016-04-01,57.0,1354.0,11.0,85559,0.002372631751189238
Corrientes,2016,3,55934,30813,217,2016-07-01,423.0,968.0,14.0,86964,0.0024952854054551307
Corrientes,2016,4,54981,31497,233,2016-10-01,-953.0,684.0,16.0,86711,0.002687086990116594
Corrientes,2017,1,54993,31994,236,2017-01-01,12.0,497.0,3.0,87223,0.002705708356740768
Corrientes,2017,2,55262,33192,258,2017-04-01,269.0,1198.0,22.0,88712,0.0029082874921092976
Corrientes,2017,3,56247,33993,947,2017-07-01,985.0,801.0,689.0,91187,0.01038525228376852
Corrientes,2017,4,56786,34722,894,2017-10-01,539.0,729.0,-53.0,92402,0.009675115257245515
Corrientes,2018,1,56937,35225,888,2018-01-01,151.0,503.0,-6.0,93050,0.00954325631380978
Corrientes,2018,2,56541,39715,201,2018-04-01,-396.0,4490.0,-687.0,96457,0.002083830100459272
Corrientes,2018,3,56444,41300,212,2018-07-01,-97.0,1585.0,11.0,97956,0.0021642370043693086
Corrientes,2018,4,55842,42418,796,2018-10-01,-602.0,1118.0,584.0,99056,0.008035858504280407
Corrientes,2019,4,52525,51845,2002,2019-10-01,-3317.0,9427.0,1206.0,106372,0.018820742300605424
Corrientes,2020,1,51126,53231,2172,2020-01-01,-1399.0,1386.0,170.0,106529,0.020388814313473325
Corrientes,2020,2,51248,55536,3144,2020-04-01,122.0,2305.0,972.0,109928,0.02860053853431337
Corrientes,2020,3,50858,58681,2960,2020-07-01,-390.0,3145.0,-184.0,112499,0.026311344989733244
Corrientes,2020,4,50102,61495,3146,2020-10-01,-756.0,2814.0,186.0,114743,0.027417794549558578
Corrientes,2021,1,49160,62876,3337,2021-01-01,-942.0,1381.0,191.0,115373,0.028923578306882892
Corrientes,2021,2,46648,67262,3731,2021-04-01,-2512.0,4386.0,394.0,117641,0.031715133329366464
Corrientes,2021,3,44805,69403,7542,2021-07-01,-1843.0,2141.0,3811.0,121750,0.06194661190965092
Corrientes,2021,4,42523,71183,10138,2021-10-01,-2282.0,1780.0,2596.0,123844,0.08186105099964472
Corrientes,2022,1,40462,79093,10875,2022-01-01,-2061.0,7910.0,737.0,130430,0.0833780571954305
Corrientes,2022,2,38468,75769,18181,2022-04-01,-1994.0,-3324.0,7306.0,132418,0.13730006494585328
Corrientes,2022,3,36508,77140,18619,2022-07-01,-1960.0,1371.0,438.0,132267,0.14076829443474184
Corrientes,2022,4,34038,80283,26752,2022-10-01,-2470.0,3143.0,8133.0,141073,0.18963231801974864
Corrientes,2023,1,29577,81116,30016,2023-01-01,-4461.0,833.0,3264.0,140709,0.21331968815072241
Corrientes,2023,2,26821,82977,32834,2023-04-01,-2756.0,1861.0,2818.0,142632,0.2302007964552134
Corrientes,2023,3,24253,83897,36032,2023-07-01,-2568.0,920.0,3198.0,144182,0.2499063683400147
Corrientes,2023,4,21769,86102,35968,2023-10-01,-2484.0,2205.0,-64.0,143839,0.25005735579363036
Corrientes,2024,1,18390,85595,38268,2024-01-01,-3379.0,-507.0,2300.0,142253,0.26901365876290834
Corrientes,2024,2,14849,86226,39792,2024-04-01,-3541.0,631.0,1524.0,140867,0.2824792179857596
Córdoba,2014,1,336841,225769,347,2014-01-01,,,,562957,0.0006163881077950891
Córdoba,2014,2,337825,234729,351,2014-04-01,984.0,8960.0,4.0,572905,0.000612667021582985
Córdoba,2014,3,340212,240334,444,2014-07-01,2387.0,5605.0,93.0,580990,0.0007642128091705537
Córdoba,2014,4,345157,240452,419,2014-10-01,4945.0,118.0,-25.0,586028,0.0007149829018408677
Córdoba,2015,1,343883,247564,415,2015-01-01,-1274.0,7112.0,-4.0,591862,0.0007011769635489354
Córdoba,2015,2,348130,255596,435,2015-04-01,4247.0,8032.0,20.0,604161,0.0007200067531667883
Córdoba,2015,3,351692,264055,1450,2015-07-01,3562.0,8459.0,1015.0,617197,0.0023493309267543427
Córdoba,2015,4,353530,266062,480,2015-10-01,1838.0,2007.0,-970.0,620072,0.0007741036524790669
Córdoba,2016,1,350884,252346,674,2016-01-01,-2646.0,-13716.0,194.0,603904,0.0011160714285714285
Córdoba,2016,2,348891,277615,1709,2016-04-01,-1993.0,25269.0,1035.0,628215,0.002720406230351074
Córdoba,2016,3,348481,285480,2540,2016-07-01,-410.0,7865.0,831.0,636501,0.003990567178998933
Córdoba,2016,4,337368,289344,3368,2016-10-01,-11113.0,3864.0,828.0,630080,0.005345352971051295
Córdoba,2017,1,335673,293479,4871,2017-01-01,-1695.0,4135.0,1503.0,634023,0.007682686590234108
Córdoba,2017,2,341748,303488,4451,2017-04-01,6075.0,10009.0,-420.0,649687,0.0068509913235142465
Córdoba,2017,3,344580,319360,10579,2017-07-01,2832.0,15872.0,6128.0,674519,0.015683768730013536
Córdoba,2017,4,349710,324709,12778,2017-10-01,5130.0,5349.0,2199.0,687197,0.018594376867186558
Córdoba,2018,1,349342,326894,13178,2018-01-01,-368.0,2185.0,400.0,689414,0.019114784440118708
Córdoba,2018,2,345141,327636,13832,2018-04-01,-4201.0,742.0,654.0,686609,0.020145381141231763
Córdoba,2018,3,337620,342401,15785,2018-07-01,-7521.0,14765.0,1953.0,695806,0.022685921075702137
Córdoba,2018,4,328854,355716,17675,2018-10-01,-8766.0,13315.0,1890.0,702245,0.025169278528149007
Córdoba,2019,4,296872,410038,53335,2019-10-01,-31982.0,54322.0,35660.0,760245,0.07015501581726943
Córdoba,2020,1,286168,406109,68512,2020-01-01,-10704.0,-3929.0,15177.0,760789,0.09005387827636835
Córdoba,2020,2,282858,415007,85818,2020-04-01,-3310.0,8898.0,17306.0,783683,0.10950601199719785
Córdoba,2020,3,276360,430771,102217,2020-07-01,-6498.0,15764.0,16399.0,809348,0.12629548723169762
Córdoba,2020,4,267396,439322,125620,2020-10-01,-8964.0,8551.0,23403.0,832338,0.15092426394085096
Córdoba,2021,1,260350,444695,134634,2021-01-01,-7046.0,5373.0,9014.0,839679,0.16033984415473057
Córdoba,2021,2,239780,467782,151855,2021-04-01,-20570.0,23087.0,17221.0,859417,0.17669536441564457
Córdoba,2021,3,229275,477223,167495,2021-07-01,-10505.0,9441.0,15640.0,873993,0.1916434113316697
Córdoba,2021,4,212011,487489,217214,2021-10-01,-17264.0,10266.0,49719.0,916714,0.23694849211422536
Córdoba,2022,1,195610,501799,235838,2022-01-01,-16401.0,14310.0,18624.0,933247,0.2527069468211524
Córdoba,2022,2,179181,467595,308895,2022-04-01,-16429.0,-34204.0,73057.0,955671,0.3232231594345753
Córdoba,2022,3,163770,465461,338570,2022-07-01,-15411.0,-2134.0,29675.0,967801,0.34983431511230095
Córdoba,2022,4,152265,456947,367393,2022-10-01,-11505.0,-8514.0,28823.0,976605,0.3761940600345073
Córdoba,2023,1,136976,455139,386297,2023-01-01,-15289.0,-1808.0,18904.0,978412,0.3948203824155877
Córdoba,2023,2,129303,453924,411703,2023-04-01,-7673.0,-1215.0,25406.0,994930,0.41380097092257745
Córdoba,2023,3,125050,453994,417338,2023-07-01,-4253.0,70.0,5635.0,996382,0.41885341164332557
Córdoba,2023,4,115662,452380,440536,2023-10-01,-9388.0,-1614.0,23198.0,1008578,0.4367892220532274
Córdoba,2024,1,102812,449784,458985,2024-01-01,-12850.0,-2596.0,18449.0,1011581,0.45373034883019747
Córdoba,2024,2,93483,443091,477504,2024-04-01,-9329.0,-6693.0,18519.0,1014078,0.47087502144805427
Entre Ríos,2014,1,107883,21379,49,2014-01-01,,,,129311,0.00037893141341417203
Entre Ríos,2014,2,108900,21706,49,2014-04-01,1017.0,327.0,0.0,130655,0.0003750334851326011
Entre Ríos,2014,3,108907,22440,48,2014-07-01,7.0,734.0,-1.0,131395,0.00036531070436470186
Entre Ríos,2014,4,112291,23027,57,2014-10-01,3384.0,587.0,9.0,135375,0.0004210526315789474
Entre Ríos,2015,1,112363,47411,108,2015-01-01,72.0,24384.0,51.0,159882,0.0006754981799076819
Entre Ríos,2015,2,113378,49767,119,2015-04-01,1015.0,2356.0,11.0,163264,0.0007288808310466484
Entre Ríos,2015,3,113909,51945,122,2015-07-01,531.0,2178.0,3.0,165976,0.0007350460307514339
Entre Ríos,2015,4,113983,53411,122,2015-10-01,74.0,1466.0,0.0,167516,0.0007282886410850307
Entre Ríos,2016,1,113101,54948,146,2016-01-01,-882.0,1537.0,24.0,168195,0.0008680400725348553
Entre Ríos,2016,2,112809,58768,169,2016-04-01,-292.0,3820.0,23.0,171746,0.000984011272460494
Entre Ríos,2016,3,112588,61850,206,2016-07-01,-221.0,3082.0,37.0,174644,0.0011795423833627266
Entre Ríos,2016,4,109359,64141,226,2016-10-01,-3229.0,2291.0,20.0,173726,0.0013008991170003338
Entre Ríos,2017,1,108509,65095,230,2017-01-01,-850.0,954.0,4.0,173834,0.0013231013495633766
Entre Ríos,2017,2,108309,67650,254,2017-04-01,-200.0,2555.0,24.0,176213,0.0014414373513872416
Entre Ríos,2017,3,107774,69596,1786,2017-07-01,-535.0,1946.0,1532.0,179156,0.009968965594230727
Entre Ríos,2017,4,107764,73692,1894,2017-10-01,-10.0,4096.0,108.0,183350,0.010329970002727024
Entre Ríos,2018,1,106998,75751,3789,2018-01-01,-766.0,2059.0,1895.0,186538,0.020312215205480922
Entre Ríos,2018,2,104811,80376,2405,2018-04-01,-2187.0,4625.0,-1384.0,187592,0.012820376135442875
Entre Ríos,2018,3,103318,83714,2403,2018-07-01,-1493.0,3338.0,-2.0,189435,0.012685089872515638
Entre Ríos,2018,4,101168,86198,4853,2018-10-01,-2150.0,2484.0,2450.0,192219,0.02524724402894615
Entre Ríos,2019,4,92981,99206,12875,2019-10-01,-8187.0,13008.0,8022.0,205062,0.06278588914572178
Entre Ríos,2020,1,90368,95434,13245,2020-01-01,-2613.0,-3772.0,370.0,199047,0.06654207297773893
Entre Ríos,2020,2,89391,99423,13954,2020-04-01,-977.0,3989.0,709.0,202768,0.06881756490175965
Entre Ríos,2020,3,87892,106950,13954,2020-07-01,-1499.0,7527.0,0.0,208796,0.0668307821988927
Entre Ríos,2020,4,85683,113670,15653,2020-10-01,-2209.0,6720.0,1699.0,215006,0.07280261946178246
Entre Ríos,2021,1,83688,118424,16846,2021-01-01,-1995.0,4754.0,1193.0,218958,0.07693712949515433
Entre Ríos,2021,2,77836,124957,17856,2021-04-01,-5852.0,6533.0,1010.0,220649,0.08092490788537451
Entre Ríos,2021,3,74443,128752,20485,2021-07-01,-3393.0,3795.0,2629.0,223680,0.09158172389127325
Entre Ríos,2021,4,70459,133387,23452,2021-10-01,-3984.0,4635.0,2967.0,227298,0.10317732668127304
Entre Ríos,2022,1,67159,138986,23091,2022-01-01,-3300.0,5599.0,-361.0,229236,0.1007302517929121
Entre Ríos,2022,2,63794,131029,35839,2022-04-01,-3365.0,-7957.0,12748.0,230662,0.15537453069859794
Entre Ríos,2022,3,60345,132952,36971,2022-07-01,-3449.0,1923.0,1132.0,230268,0.16055639515694756
Entre Ríos,2022,4,55507,135746,40798,2022-10-01,-4838.0,2794.0,3827.0,232051,0.17581479933290525
Entre Ríos,2023,1,51084,141699,44508,2023-01-01,-4423.0,5953.0,3710.0,237291,0.18756716436780155
Entre Ríos,2023,2,46503,142562,49251,2023-04-01,-4581.0,863.0,4743.0,238316,0.20666258245354907
Entre Ríos,2023,3,45384,157464,54794,2023-07-01,-1119.0,14902.0,5543.0,257642,0.21267495206526887
Entre Ríos,2023,4,41794,159575,61667,2023-10-01,-3590.0,2111.0,6873.0,263036,0.23444319408750133
Entre Ríos,2024,1,36574,158283,66180,2024-01-01,-5220.0,-1292.0,4513.0,261037,0.25352727774223577
Entre Ríos,2024,2,31335,158918,68540,2024-04-01,-5239.0,635.0,2360.0,258793,0.26484487602060336
Formosa,2014,1,20774,4548,0,2014-01-01,,,,25322,0.0
Formosa,2014,2,20894,4628,0,2014-04-01,120.0,80.0,0.0,25522,0.0
Formosa,2014,3,21021,4836,0,2014-07-01,127.0,208.0,0.0,25857,0.0
Formosa,2014,4,21245,4896,1,2014-10-01,224.0,60.0,1.0,26142,3.825262030449086e-05
Formosa,2015,1,21022,4951,1,2015-01-01,-223.0,55.0,0.0,25974,3.85000385000385e-05
Formosa,2015,2,21097,5164,2,2015-04-01,75.0,213.0,1.0,26263,7.615276244145757e-05
Formosa,2015,3,21573,5264,2,2015-07-01,476.0,100.0,0.0,26839,7.451842468050225e-05
Formosa,2015,4,21734,5314,4,2015-10-01,161.0,50.0,2.0,27052,0.0001478633742422002
Formosa,2016,1,21852,5420,5,2016-01-01,118.0,106.0,1.0,27277,0.00018330461561022108
Formosa,2016,2,22101,5658,6,2016-04-01,249.0,238.0,1.0,27765,0.00021609940572663426
Formosa,2016,3,21800,5905,9,2016-07-01,-301.0,247.0,3.0,27714,0.0003247456159341849
Formosa,2016,4,22400,6061,16,2016-10-01,600.0,156.0,7.0,28477,0.0005618569371773712
Formosa,2017,1,22438,6215,16,2017-01-01,38.0,154.0,0.0,28669,0.0005580941086190659
Formosa,2017,2,22493,6410,17,2017-04-01,55.0,195.0,1.0,28920,0.0005878284923928077
Formosa,2017,3,22647,6816,428,2017-07-01,154.0,406.0,411.0,29891,0.014318691244856312
Formosa,2017,4,23410,6973,19,2017-10-01,763.0,157.0,-409.0,30402,0.0006249588842839286
Formosa,2018,1,23556,7095,17,2018-01-01,146.0,122.0,-2.0,30668,0.0005543237250554324
Formosa,2018,2,23543,7311,18,2018-04-01,-13.0,216.0,1.0,30872,0.0005830526043016325
Formosa,2018,3,22777,7589,817,2018-07-01,-766.0,278.0,799.0,31183,0.026200173171279224
Formosa,2018,4,22619,7880,887,2018-10-01,-158.0,291.0,70.0,31386,0.02826100809278022
Formosa,2019,4,21567,8684,1760,2019-10-01,-1052.0,804.0,873.0,32011,0.05498110024679016
Formosa,2020,1,21068,8887,1800,2020-01-01,-499.0,203.0,40.0,31755,0.05668398677373642
Formosa,2020,2,21805,9353,1882,2020-04-01,737.0,466.0,82.0,33040,0.05696125907990315
Formosa,2020,3,21790,10003,2000,2020-07-01,-15.0,650.0,118.0,33793,0.05918385464445299
Formosa,2020,4,21264,10789,2432,2020-10-01,-526.0,786.0,432.0,34485,0.07052341597796143
Formosa,2021,1,20663,11412,2562,2021-01-01,-601.0,623.0,130.0,34637,0.07396714496059127
Formosa,2021,2,19571,12509,3610,2021-04-01,-1092.0,1097.0,1048.0,35690,0.10114878117119641
Formosa,2021,3,18093,14111,4730,2021-07-01,-1478.0,1602.0,1120.0,36934,0.12806628039205067
Formosa,2021,4,17211,15111,5151,2021-10-01,-882.0,1000.0,421.0,37473,0.1374589704587303
Formosa,2022,1,16397,15927,5146,2022-01-01,-814.0,816.0,-5.0,37470,0.13733653589538297
Formosa,2022,2,15397,25487,9875,2022-04-01,-1000.0,9560.0,4729.0,50759,0.19454677988140034
Formosa,2022,3,14470,25880,11041,2022-07-01,-927.0,393.0,1166.0,51391,0.21484306590648167
Formosa,2022,4,13735,17068,13118,2022-10-01,-735.0,-8812.0,2077.0,43921,0.29867261674369894
Formosa,2023,1,12502,17421,13345,2023-01-01,-1233.0,353.0,227.0,43268,0.3084265507996672
Formosa,2023,2,11934,17678,13698,2023-04-01,-568.0,257.0,353.0,43310,0.31627799584391597
Formosa,2023,3,11230,18053,14904,2023-07-01,-704.0,375.0,1206.0,44187,0.3372937741869781
Formosa,2023,4,10252,18325,16179,2023-10-01,-978.0,272.0,1275.0,44756,0.3614934310483511
Formosa,2024,1,9147,18631,17908,2024-01-01,-1105.0,306.0,1729.0,45686,0.39198003764829487
Formosa,2024,2,8488,18768,18977,2024-04-01,-659.0,137.0,1069.0,46233,0.41046438690978304
Jujuy,2014,1,29765,4030,23,2014-01-01,,,,33818,0.0006801111833934591
Jujuy,2014,2,30128,4161,23,2014-04-01,363.0,131.0,0.0,34312,0.0006703194217766379
Jujuy,2014,3,30128,3541,22,2014-07-01,0.0,-620.0,-1.0,33691,0.0006529933810216378
Jujuy,2014,4,31349,4583,22,2014-10-01,1221.0,1042.0,0.0,35954,0.0006118929743561217
Jujuy,2015,1,31505,5048,22,2015-01-01,156.0,465.0,0.0,36575,0.0006015037593984962
Jujuy,2015,2,32183,5482,22,2015-04-01,678.0,434.0,0.0,37687,0.0005837556717170377
Jujuy,2015,3,32598,6895,22,2015-07-01,415.0,1413.0,0.0,39515,0.0005567506010375807
Jujuy,2015,4,32934,6933,22,2015-10-01,336.0,38.0,0.0,39889,0.0005515304971295344
Jujuy,2016,1,33481,6751,22,2016-01-01,547.0,-182.0,0.0,40254,0.0005465295374372733
Jujuy,2016,2,33758,7374,22,2016-04-01,277.0,623.0,0.0,41154,0.0005345774408319969
Jujuy,2016,3,34250,8236,22,2016-07-01,492.0,862.0,0.0,42508,0.0005175496377152536
Jujuy,2016,4,33838,8731,22,2016-10-01,-412.0,495.0,0.0,42591,0.0005165410532741659
Jujuy,2017,1,33869,9278,22,2017-01-01,31.0,547.0,0.0,43169,0.0005096249623572471
Jujuy,2017,2,33742,8858,22,2017-04-01,-127.0,-420.0,0.0,42622,0.0005161653606118906
Jujuy,2017,3,33796,9395,20,2017-07-01,54.0,537.0,-2.0,43211,0.00046284510888431186
Jujuy,2017,4,33844,9626,20,2017-10-01,48.0,231.0,0.0,43490,0.0004598758335249483
Jujuy,2018,1,33856,10456,23,2018-01-01,12.0,830.0,3.0,44335,0.0005187774895680613
Jujuy,2018,2,33571,10856,23,2018-04-01,-285.0,400.0,0.0,44450,0.0005174353205849269
Jujuy,2018,3,33363,10856,32,2018-07-01,-208.0,0.0,9.0,44251,0.0007231474994915369
Jujuy,2018,4,33248,12484,153,2018-10-01,-115.0,1628.0,121.0,45885,0.0033344230140568815
Jujuy,2019,4,32949,37604,873,2019-10-01,-299.0,25120.0,720.0,71426,0.012222440007840282
Jujuy,2020,1,32066,38938,3078,2020-01-01,-883.0,1334.0,2205.0,74082,0.0415485543046894
Jujuy,2020,2,32705,38938,5057,2020-04-01,639.0,0.0,1979.0,76700,0.06593220338983051
Jujuy,2020,3,32611,57682,11112,2020-07-01,-94.0,18744.0,6055.0,101405,0.10958039544401163
Jujuy,2020,4,32850,52815,15639,2020-10-01,239.0,-4867.0,4527.0,101304,0.15437692489931296
Jujuy,2021,1,32254,54324,17322,2021-01-01,-596.0,1509.0,1683.0,103900,0.16671799807507218
Jujuy,2021,2,24738,60800,19611,2021-04-01,-7516.0,6476.0,2289.0,105149,0.18650676658836507
Jujuy,2021,3,23554,60758,19926,2021-07-01,-1184.0,-42.0,315.0,104238,0.1911586945259886
Jujuy,2021,4,22330,60511,24156,2021-10-01,-1224.0,-247.0,4230.0,106997,0.22576333915904184
Jujuy,2022,1,21307,60616,25949,2022-01-01,-1023.0,105.0,1793.0,107872,0.2405536191041234
Jujuy,2022,2,20303,54495,34184,2022-04-01,-1004.0,-6121.0,8235.0,108982,0.3136664770329045
Jujuy,2022,3,19257,52978,40172,2022-07-01,-1046.0,-1517.0,5988.0,112407,0.357379878477319
Jujuy,2022,4,17880,52390,42626,2022-10-01,-1377.0,-588.0,2454.0,112896,0.3775687358276644
Jujuy,2023,1,15306,51082,46271,2023-01-01,-2574.0,-1308.0,3645.0,112659,0.41071729733088347
Jujuy,2023,2,13749,51082,47289,2023-04-01,-1557.0,0.0,1018.0,112120,0.42177131644666427
Jujuy,2023,3,12627,51082,48350,2023-07-01,-1122.0,0.0,1061.0,112059,0.4314691367940103
Jujuy,2023,4,11669,51083,49947,2023-10-01,-958.0,1.0,1597.0,112699,0.443189380562383
Jujuy,2024,1,10554,51093,51084,2024-01-01,-1115.0,10.0,1137.0,112731,0.45314953295899085
Jujuy,2024,2,9509,51361,53492,2024-04-01,-1045.0,268.0,2408.0,114362,0.46774278169321976
La Pampa,2014,1,15826,31305,513,2014-01-01,,,,47644,0.010767357904458064
La Pampa,2014,2,15957,32600,513,2014-04-01,131.0,1295.0,0.0,49070,0.010454452822498472
La Pampa,2014,3,16051,33940,538,2014-07-01,94.0,1340.0,25.0,50529,0.010647351026143403
La Pampa,2014,4,16043,34281,514,2014-10-01,-8.0,341.0,-24.0,50838,0.010110547228451158
La Pampa,2015,1,13143,39571,3215,2015-01-01,-2900.0,5290.0,2701.0,55929,0.05748359527257773
La Pampa,2015,2,12756,40825,3719,2015-04-01,-387.0,1254.0,504.0,57300,0.06490401396160558
La Pampa,2015,3,12755,41886,4078,2015-07-01,-1.0,1061.0,359.0,58719,0.06944941160442106
La Pampa,2015,4,12755,42705,4327,2015-10-01,0.0,819.0,249.0,59787,0.07237359292153812
La Pampa,2016,1,12754,41881,4536,2016-01-01,-1.0,-824.0,209.0,59171,0.07665917425766
La Pampa,2016,2,12754,44654,4708,2016-04-01,0.0,2773.0,172.0,62116,0.07579367634747891
La Pampa,2016,3,12751,45952,4910,2016-07-01,-3.0,1298.0,202.0,63613,0.07718548095515068
La Pampa,2016,4,12754,47245,5054,2016-10-01,3.0,1293.0,144.0,65053,0.07769049851659417
La Pampa,2017,1,12754,47195,5194,2017-01-01,0.0,-50.0,140.0,65143,0.07973228128885683
La Pampa,2017,2,12754,48310,5194,2017-04-01,0.0,1115.0,0.0,66258,0.07839053397325606
La Pampa,2017,3,11378,49679,5153,2017-07-01,-1376.0,1369.0,-41.0,66210,0.07782812264008458
La Pampa,2017,4,10808,50495,8272,2017-10-01,-570.0,816.0,3119.0,69575,0.11889328063241107
La Pampa,2018,1,10807,51389,8386,2018-01-01,-1.0,894.0,114.0,70582,0.11881216174095378
La Pampa,2018,2,12416,53587,8420,2018-04-01,1609.0,2198.0,34.0,74423,0.11313706784193059
La Pampa,2018,3,12415,54574,8437,2018-07-01,-1.0,987.0,17.0,75426,0.11185798000689418
La Pampa,2018,4,18832,55337,2685,2018-10-01,6417.0,763.0,-5752.0,76854,0.03493637286283082
La Pampa,2019,4,15457,56854,4942,2019-10-01,-3375.0,1517.0,2257.0,77253,0.06397162569738392
La Pampa,2020,1,8553,53755,13821,2020-01-01,-6904.0,-3099.0,8879.0,76129,0.18154711082504696
La Pampa,2020,2,8551,54422,14232,2020-04-01,-2.0,667.0,411.0,77205,0.18434039246162814
La Pampa,2020,3,9015,56845,14677,2020-07-01,464.0,2423.0,445.0,80537,0.18223921924084582
La Pampa,2020,4,9009,58945,15432,2020-10-01,-6.0,2100.0,755.0,83386,0.18506703763221644
La Pampa,2021,1,8946,58711,15779,2021-01-01,-63.0,-234.0,347.0,83436,0.1891150103073014
La Pampa,2021,2,9017,57014,17132,2021-04-01,71.0,-1697.0,1353.0,83163,0.2060050743720164
La Pampa,2021,3,9015,57881,17817,2021-07-01,-2.0,867.0,685.0,84713,0.21032191045058019
La Pampa,2021,4,8175,58000,20192,2021-10-01,-840.0,119.0,2375.0,86367,0.23379299964106662
La Pampa,2022,1,8003,58978,21739,2022-01-01,-172.0,978.0,1547.0,88720,0.2450293056807935
La Pampa,2022,2,7796,59273,22994,2022-04-01,-207.0,295.0,1255.0,90063,0.25531017176865084
La Pampa,2022,3,7796,60078,23551,2022-07-01,0.0,805.0,557.0,91425,0.257599124965819
La Pampa,2022,4,7785,60566,24552,2022-10-01,-11.0,488.0,1001.0,92903,0.2642756423366307
La Pampa,2023,1,7049,59944,28126,2023-01-01,-736.0,-622.0,3574.0,95119,0.2956927638011333
La Pampa,2023,2,7254,59101,31449,2023-04-01,205.0,-843.0,3323.0,97804,0.3215512657968999
La Pampa,2023,3,6844,59063,32891,2023-07-01,-410.0,-38.0,1442.0,98798,0.3329115974007571
La Pampa,2023,4,6844,59063,34331,2023-10-01,0.0,0.0,1440.0,100238,0.3424948622278976
La Pampa,2024,1,6844,59008,35556,2024-01-01,0.0,-55.0,1225.0,101408,0.35062322499211107
La Pampa,2024,2,6778,58647,37226,2024-04-01,-66.0,-361.0,1670.0,102651,0.3626462479664105
La Rioja,2014,1,15663,0,14,2014-01-01,,,,15677,0.0008930280028066594
La Rioja,2014,2,15864,0,14,2014-04-01,201.0,0.0,0.0,15878,0.0008817231389343746
La Rioja,2014,3,15864,0,14,2014-07-01,0.0,0.0,0.0,15878,0.0008817231389343746
La Rioja,2014,4,16352,0,17,2014-10-01,488.0,0.0,3.0,16369,0.001038548475777384
La Rioja,2015,1,16282,0,16,2015-01-01,-70.0,0.0,-1.0,16298,0.0009817155479199902
La Rioja,2015,2,16463,0,16,2015-04-01,181.0,0.0,0.0,16479,0.0009709327022270769
La Rioja,2015,3,16725,0,16,2015-07-01,262.0,0.0,0.0,16741,0.0009557374111462876
La Rioja,2015,4,16886,0,16,2015-10-01,161.0,0.0,0.0,16902,0.0009466335344929594
La Rioja,2016,1,16645,0,16,2016-01-01,-241.0,0.0,0.0,16661,0.0009603265110137446
La Rioja,2016,2,16691,0,15,2016-04-01,46.0,0.0,-1.0,16706,0.0008978810008380223
La Rioja,2016,3,16891,0,15,2016-07-01,200.0,0.0,0.0,16906,0.0008872589613155093
La Rioja,2016,4,16270,0,16,2016-10-01,-621.0,0.0,1.0,16286,0.0009824389045806213
La Rioja,2017,1,16180,0,15,2017-01-01,-90.0,0.0,-1.0,16195,0.0009262117937635072
La Rioja,2017,2,16244,0,15,2017-04-01,64.0,0.0,0.0,16259,0.0009225659634663878
La Rioja,2017,3,16638,34984,14,2017-07-01,394.0,34984.0,-1.0,51636,0.0002711286699202107
La Rioja,2017,4,16912,34984,14,2017-10-01,274.0,0.0,0.0,51910,0.0002696975534579079
La Rioja,2018,1,16960,34984,13,2018-01-01,48.0,0.0,-1.0,51957,0.00025020690186115444
La Rioja,2018,2,16663,34984,13,2018-04-01,-297.0,0.0,0.0,51660,0.0002516453735965931
La Rioja,2018,3,16587,34984,13,2018-07-01,-76.0,0.0,0.0,51584,0.00025201612903225806
La Rioja,2018,4,16367,34984,12,2018-10-01,-220.0,0.0,-1.0,51363,0.00023363121313007418
La Rioja,2019,4,13738,34984,0,2019-10-01,-2629.0,0.0,-12.0,48722,0.0
La Rioja,2020,1,13076,34984,0,2020-01-01,-662.0,0.0,0.0,48060,0.0
La Rioja,2020,2,16885,34984,1,2020-04-01,3809.0,0.0,1.0,51870,1.92789666473877e-05
La Rioja,2020,3,17346,34984,1,2020-07-01,461.0,0.0,0.0,52331,1.9109132254304333e-05
La Rioja,2020,4,17513,34984,1,2020-10-01,167.0,0.0,0.0,52498,1.904834469884567e-05
La Rioja,2021,1,17363,34984,1,2021-01-01,-150.0,0.0,0.0,52348,1.9102926568350272e-05
La Rioja,2021,2,11627,54255,9445,2021-04-01,-5736.0,19271.0,9444.0,75327,0.12538664755001527
La Rioja,2021,3,11329,54744,9444,2021-07-01,-298.0,489.0,-1.0,75517,0.12505793397513143
La Rioja,2021,4,10387,56651,9446,2021-10-01,-942.0,1907.0,2.0,76484,0.12350295486637729
La Rioja,2022,1,9103,59228,9546,2022-01-01,-1284.0,2577.0,100.0,77877,0.12257791132169961
La Rioja,2022,2,7759,52656,19189,2022-04-01,-1344.0,-6572.0,9643.0,79604,0.24105572584292245
La Rioja,2022,3,6842,53899,19697,2022-07-01,-917.0,1243.0,508.0,80438,0.24487182674855168
La Rioja,2022,4,6120,54387,19328,2022-10-01,-722.0,488.0,-369.0,79835,0.24209932986785246
La Rioja,2023,1,4652,54604,20722,2023-01-01,-1468.0,217.0,1394.0,79978,0.259096251469154
La Rioja,2023,2,4152,55148,21245,2023-04-01,-500.0,544.0,523.0,80545,0.2637655968713142
La Rioja,2023,3,3726,55494,22054,2023-07-01,-426.0,346.0,809.0,81274,0.2713536924477693
La Rioja,2023,4,3296,55441,22559,2023-10-01,-430.0,-53.0,505.0,81296,0.27749212753395003
La Rioja,2024,1,2827,55443,23086,2024-01-01,-469.0,2.0,527.0,81356,0.2837651801956832
La Rioja,2024,2,2230,55531,23294,2024-04-01,-597.0,88.0,208.0,81055,0.28738510887668867
Mendoza,2014,1,148970,12076,2480,2014-01-01,,,,163526,0.015165784034343162
Mendoza,2014,2,148979,13030,2480,2014-04-01,9.0,954.0,0.0,164489,0.015076996030129674
Mendoza,2014,3,150120,13030,2512,2014-07-01,1141.0,0.0,32.0,165662,0.015163405005372384
Mendoza,2014,4,151797,13030,2534,2014-10-01,1677.0,0.0,22.0,167361,0.015140922915135545
Mendoza,2015,1,152433,13030,2542,2015-01-01,636.0,0.0,8.0,168005,0.015130502068390821
Mendoza,2015,2,153301,13030,2572,2015-04-01,868.0,0.0,30.0,168903,0.015227675056097286
Mendoza,2015,3,153299,13030,2572,2015-07-01,-2.0,0.0,0.0,168901,0.015227855370897745
Mendoza,2015,4,153293,13030,2572,2015-10-01,-6.0,0.0,0.0,168895,0.015228396340921874
Mendoza,2016,1,153299,13030,2576,2016-01-01,6.0,0.0,4.0,168905,0.01525117669695983
Mendoza,2016,2,153321,13030,2576,2016-04-01,22.0,0.0,0.0,168927,0.015249190478727498
Mendoza,2016,3,153233,13030,2576,2016-07-01,-88.0,0.0,0.0,168839,0.01525713845734694
Mendoza,2016,4,153320,13030,2579,2016-10-01,87.0,0.0,3.0,168929,0.015266768879233287
Mendoza,2017,1,153326,13030,2581,2017-01-01,6.0,0.0,2.0,168937,0.015277884655226505
Mendoza,2017,2,153331,13030,2581,2017-04-01,5.0,0.0,0.0,168942,0.015277432491624344
Mendoza,2017,3,154036,33788,2772,2017-07-01,705.0,20758.0,191.0,190596,0.014543851917144116
Mendoza,2017,4,152896,16114,3015,2017-10-01,-1140.0,-17674.0,243.0,172025,0.017526522307804097
Mendoza,2018,1,152931,36872,3086,2018-01-01,35.0,20758.0,71.0,192889,0.015998838710346366
Mendoza,2018,2,152938,36872,3084,2018-04-01,7.0,0.0,-2.0,192894,0.015988055616037822
Mendoza,2018,3,151033,40205,5744,2018-07-01,-1905.0,3333.0,2660.0,196982,0.029160024773837202
Mendoza,2018,4,148524,40205,5665,2018-10-01,-2509.0,0.0,-79.0,194394,0.029141845941747173
Mendoza,2019,4,96678,49711,24989,2019-10-01,-51846.0,9506.0,19324.0,171378,0.1458121812601384
Mendoza,2020,1,91955,50251,28059,2020-01-01,-4723.0,540.0,3070.0,170265,0.16479605321117083
Mendoza,2020,2,91904,62941,29613,2020-04-01,-51.0,12690.0,1554.0,184458,0.16054061087076732
Mendoza,2020,3,91908,64672,32817,2020-07-01,4.0,1731.0,3204.0,189397,0.17327095994128736
Mendoza,2020,4,91842,68364,36083,2020-10-01,-66.0,3692.0,3266.0,196289,0.1838258893773976
Mendoza,2021,1,91844,69295,38619,2021-01-01,2.0,931.0,2536.0,199758,0.19332892800288348
Mendoza,2021,2,91503,70834,44696,2021-04-01,-341.0,1539.0,6077.0,207033,0.2158882883405061
Mendoza,2021,3,91474,71247,70579,2021-07-01,-29.0,413.0,25883.0,233300,0.302524646378054
Mendoza,2021,4,59842,71553,109667,2021-10-01,-31632.0,306.0,39088.0,241062,0.4549327558885266
Mendoza,2022,1,49464,74145,123228,2022-01-01,-10378.0,2592.0,13561.0,246837,0.4992282356372829
Mendoza,2022,2,37663,77504,135504,2022-04-01,-11801.0,3359.0,12276.0,250671,0.5405651232093063
Mendoza,2022,3,37659,78858,142615,2022-07-01,-4.0,1354.0,7111.0,259132,0.5503565750273992
Mendoza,2022,4,37655,77814,147080,2022-10-01,-4.0,-1044.0,4465.0,262549,0.5602001912024042
Mendoza,2023,1,37646,73678,152534,2023-01-01,-9.0,-4136.0,5454.0,263858,0.5780912460490112
Mendoza,2023,2,25299,71931,171857,2023-04-01,-12347.0,-1747.0,19323.0,269087,0.6386670482037408
Mendoza,2023,3,17677,73066,178719,2023-07-01,-7622.0,1135.0,6862.0,269462,0.6632437968990061
Mendoza,2023,4,17676,70920,182220,2023-10-01,-1.0,-2146.0,3501.0,270816,0.6728553704360156
Mendoza,2024,1,17674,70932,185460,2024-01-01,-2.0,12.0,3240.0,274066,0.6766983135449125
Mendoza,2024,2,17671,66636,188815,2024-04-01,-3.0,-4296.0,3355.0,273122,0.6913210946024121
Misiones,2014,1,56597,17191,4,2014-01-01,,,,73792,5.420641803989592e-05
Misiones,2014,2,56933,17594,4,2014-04-01,336.0,403.0,0.0,74531,5.3668943124337526e-05
Misiones,2014,3,56933,18373,4,2014-07-01,0.0,779.0,0.0,75310,5.3113796308591154e-05
Misiones,2014,4,58435,18613,16,2014-10-01,1502.0,240.0,12.0,77064,0.00020761964081802137
Misiones,2015,1,58262,26836,30,2015-01-01,-173.0,8223.0,14.0,85128,0.000352410487736115
Misiones,2015,2,59179,29283,37,2015-04-01,917.0,2447.0,7.0,88499,0.00041808382015616
Misiones,2015,3,59921,31635,46,2015-07-01,742.0,2352.0,9.0,91602,0.0005021724416497456
Misiones,2015,4,60252,32533,48,2015-10-01,331.0,898.0,2.0,92833,0.0005170575118761647
Misiones,2016,1,59538,33330,70,2016-01-01,-714.0,797.0,22.0,92938,0.00075319029890895
Misiones,2016,2,59573,36145,77,2016-04-01,35.0,2815.0,7.0,95795,0.000803799780781878
Misiones,2016,3,59776,38130,79,2016-07-01,203.0,1985.0,2.0,97985,0.0008062458539572384
Misiones,2016,4,57983,39294,100,2016-10-01,-1793.0,1164.0,21.0,97377,0.0010269365455908479
Misiones,2017,1,57363,40142,101,2017-01-01,-620.0,848.0,1.0,97606,0.0010347724525131652
Misiones,2017,2,56752,42925,103,2017-04-01,-611.0,2783.0,2.0,99780,0.0010322709961916217
Misiones,2017,3,56472,43880,110,2017-07-01,-280.0,955.0,7.0,100462,0.0010949413708665964
Misiones,2017,4,56271,47470,95,2017-10-01,-201.0,3590.0,-15.0,103836,0.0009149042721214222
Misiones,2018,1,56311,46880,328,2018-01-01,40.0,-590.0,233.0,103519,0.0031685004685130264
Misiones,2018,2,57265,47923,512,2018-04-01,954.0,1043.0,184.0,105700,0.004843897824030274
Misiones,2018,3,56290,50793,512,2018-07-01,-975.0,2870.0,0.0,107595,0.004758585436126214
Misiones,2018,4,55500,53673,465,2018-10-01,-790.0,2880.0,-47.0,109638,0.004241230230394571
Misiones,2019,4,53116,69676,847,2019-10-01,-2384.0,16003.0,382.0,123639,0.006850589215377025
Misiones,2020,1,51458,69452,1220,2020-01-01,-1658.0,-224.0,373.0,122130,0.009989355604683534
Misiones,2020,2,50792,74497,2579,2020-04-01,-666.0,5045.0,1359.0,127868,0.020169237025682737
Misiones,2020,3,50195,77989,2572,2020-07-01,-597.0,3492.0,-7.0,130756,0.01967022545810517
Misiones,2020,4,49462,79855,6589,2020-10-01,-733.0,1866.0,4017.0,135906,0.048482039056406634
Misiones,2021,1,48292,82339,7064,2021-01-01,-1170.0,2484.0,475.0,137695,0.051301790188460004
Misiones,2021,2,44960,87861,10376,2021-04-01,-3332.0,5522.0,3312.0,143197,0.0724596185674281
Misiones,2021,3,43230,89469,10969,2021-07-01,-1730.0,1608.0,593.0,143668,0.07634963944650165
Misiones,2021,4,41778,92068,22035,2021-10-01,-1452.0,2599.0,11066.0,155881,0.1413578306528698
Misiones,2022,1,39147,91752,25178,2022-01-01,-2631.0,-316.0,3143.0,156077,0.16131781108042825
Misiones,2022,2,37208,89260,33649,2022-04-01,-1939.0,-2492.0,8471.0,160117,0.21015257592885203
Misiones,2022,3,35513,88902,39046,2022-07-01,-1695.0,-358.0,5397.0,163461,0.23887043392613527
Misiones,2022,4,33204,87202,46885,2022-10-01,-2309.0,-1700.0,7839.0,167291,0.2802601454949758
Misiones,2023,1,30455,82834,56619,2023-01-01,-2749.0,-4368.0,9734.0,169908,0.33323327918638324
Misiones,2023,2,28897,82058,64406,2023-04-01,-1558.0,-776.0,7787.0,175361,0.3672766464607296
Misiones,2023,3,27934,79087,70003,2023-07-01,-963.0,-2971.0,5597.0,177024,0.39544355567606654
Misiones,2023,4,25840,79000,75382,2023-10-01,-2094.0,-87.0,5379.0,180222,0.41827301883232904
Misiones,2024,1,23217,77561,81498,2024-01-01,-2623.0,-1439.0,6116.0,182276,0.44711316904035636
Misiones,2024,2,20868,76427,87389,2024-04-01,-2349.0,-1134.0,5891.0,184684,0.47318121764744103
Neuquén,2014,1,47790,28161,997,2014-01-01,,,,76948,0.012956801996153247
Neuquén,2014,2,47767,29776,997,2014-04-01,-23.0,1615.0,0.0,78540,0.012694168576521518
Neuquén,2014,3,54458,30964,1000,2014-07-01,6691.0,1188.0,3.0,86422,0.011571127722107796
Neuquén,2014,4,47721,31778,1014,2014-10-01,-6737.0,814.0,14.0,80513,0.012594239439593606
Neuquén,2015,1,47518,32152,1024,2015-01-01,-203.0,374.0,10.0,80694,0.01268991498748358
Neuquén,2015,2,47078,34183,1044,2015-04-01,-440.0,2031.0,20.0,82305,0.012684527063969383
Neuquén,2015,3,47102,36620,1045,2015-07-01,24.0,2437.0,1.0,84767,0.012327910625597226
Neuquén,2015,4,51680,38902,1048,2015-10-01,4578.0,2282.0,3.0,91630,0.011437302193604715
Neuquén,2016,1,51702,36122,1085,2016-01-01,22.0,-2780.0,37.0,88909,0.01220348896062266
Neuquén,2016,2,51742,42370,1088,2016-04-01,40.0,6248.0,3.0,95200,0.011428571428571429
Neuquén,2016,3,51752,44739,1093,2016-07-01,10.0,2369.0,5.0,97584,0.011200606656828989
Neuquén,2016,4,51742,46389,1124,2016-10-01,-10.0,1650.0,31.0,99255,0.011324366530653367
Neuquén,2017,1,51771,48109,1124,2017-01-01,29.0,1720.0,0.0,101004,0.011128272147637718
Neuquén,2017,2,51794,50283,1133,2017-04-01,23.0,2174.0,9.0,103210,0.010977618447824824
Neuquén,2017,3,48001,52468,1044,2017-07-01,-3793.0,2185.0,-89.0,101513,0.01028439707229616
Neuquén,2017,4,46739,54119,1017,2017-10-01,-1262.0,1651.0,-27.0,101875,0.00998282208588957
Neuquén,2018,1,46714,55072,1000,2018-01-01,-25.0,953.0,-17.0,102786,0.00972895141361664
Neuquén,2018,2,46633,52855,998,2018-04-01,-81.0,-2217.0,-2.0,100486,0.009931731783532034
Neuquén,2018,3,46602,54129,998,2018-07-01,-31.0,1274.0,0.0,101729,0.00981037855478772
Neuquén,2018,4,40747,55634,3115,2018-10-01,-5855.0,1505.0,2117.0,99496,0.03130779126799067
Neuquén,2019,4,29826,60970,10549,2019-10-01,-10921.0,5336.0,7434.0,101345,0.10408998963935073
Neuquén,2020,1,29305,65951,11031,2020-01-01,-521.0,4981.0,482.0,106287,0.1037850348584493
Neuquén,2020,2,30256,67990,11037,2020-04-01,951.0,2039.0,6.0,109283,0.10099466522697949
Neuquén,2020,3,30222,70446,11043,2020-07-01,-34.0,2456.0,6.0,111711,0.09885329108145124
Neuquén,2020,4,30468,70614,13732,2020-10-01,246.0,168.0,2689.0,114814,0.11960213911195498
Neuquén,2021,1,30223,70457,14171,2021-01-01,-245.0,-157.0,439.0,114851,0.12338595223376375
Neuquén,2021,2,30083,72690,15619,2021-04-01,-140.0,2233.0,1448.0,118392,0.13192614365835528
Neuquén,2021,3,29650,73794,16455,2021-07-01,-433.0,1104.0,836.0,119899,0.13724051076322571
Neuquén,2021,4,29175,72761,23253,2021-10-01,-475.0,-1033.0,6798.0,125189,0.1857431563476024
Neuquén,2022,1,28443,73200,24193,2022-01-01,-732.0,439.0,940.0,125836,0.1922581773101497
Neuquén,2022,2,29749,74905,28824,2022-04-01,1306.0,1705.0,4631.0,133478,0.2159456989166754
Neuquén,2022,3,29352,75815,29396,2022-07-01,-397.0,910.0,572.0,134563,0.21845529603234173
Neuquén,2022,4,28609,72679,31567,2022-10-01,-743.0,-3136.0,2171.0,132855,0.23760490760603667
Neuquén,2023,1,28030,72639,32296,2023-01-01,-579.0,-40.0,729.0,132965,0.2428909863497913
Neuquén,2023,2,26379,73040,35171,2023-04-01,-1651.0,401.0,2875.0,134590,0.26131956311761645
Neuquén,2023,3,24527,73329,39243,2023-07-01,-1852.0,289.0,4072.0,137099,0.2862384116587284
Neuquén,2023,4,24122,73784,41583,2023-10-01,-405.0,455.0,2340.0,139489,0.29810952834990573
Neuquén,2024,1,24076,73298,41577,2024-01-01,-46.0,-486.0,-6.0,138951,0.2992205885527992
Neuquén,2024,2,23553,72698,41784,2024-04-01,-523.0,-600.0,207.0,138035,0.3027058354765096
Río Negro,2014,1,64886,24156,876,2014-01-01,,,,89918,0.009742209568718166
Río Negro,2014,2,64920,24944,876,2014-04-01,34.0,788.0,0.0,90740,0.00965395635882742
Río Negro,2014,3,65264,26590,888,2014-07-01,344.0,1646.0,12.0,92742,0.009574949860904444
Río Negro,2014,4,66307,23703,901,2014-10-01,1043.0,-2887.0,13.0,90911,0.00991079187337066
Río Negro,2015,1,66274,25217,907,2015-01-01,-33.0,1514.0,6.0,92398,0.009816229788523562
Río Negro,2015,2,66738,26268,916,2015-04-01,464.0,1051.0,9.0,93922,0.009752773578075424
Río Negro,2015,3,66806,27130,917,2015-07-01,68.0,862.0,1.0,94853,0.009667590903819594
Río Negro,2015,4,66851,27221,915,2015-10-01,45.0,91.0,-2.0,94987,0.009632897133291924
Río Negro,2016,1,66894,27312,937,2016-01-01,43.0,91.0,22.0,95143,0.00984833356106072
Río Negro,2016,2,67031,28100,939,2016-04-01,137.0,788.0,2.0,96070,0.009774123035286771
Río Negro,2016,3,67043,28496,942,2016-07-01,12.0,396.0,3.0,96481,0.009763580394067226
Río Negro,2016,4,67057,28474,954,2016-10-01,14.0,-22.0,12.0,96485,0.009887547287143078
Río Negro,2017,1,67075,28785,954,2017-01-01,18.0,311.0,0.0,96814,0.009853946743239615
Río Negro,2017,2,67038,29147,961,2017-04-01,-37.0,362.0,7.0,97146,0.009892327012949582
Río Negro,2017,3,69301,30018,1106,2017-07-01,2263.0,871.0,145.0,100425,0.011013193925815285
Río Negro,2017,4,68690,30451,1250,2017-10-01,-611.0,433.0,144.0,100391,0.012451315356954309
Río Negro,2018,1,68769,31712,1251,2018-01-01,79.0,1261.0,1.0,101732,0.012297015688279008
Río Negro,2018,2,68667,32795,1252,2018-04-01,-102.0,1083.0,1.0,102714,0.012189185505383882
Río Negro,2018,3,68590,33474,1252,2018-07-01,-77.0,679.0,0.0,103316,0.012118161756165551
Río Negro,2018,4,68377,34292,1299,2018-10-01,-213.0,818.0,47.0,103968,0.012494228993536473
Río Negro,2019,4,49747,37933,9658,2019-10-01,-18630.0,3641.0,8359.0,97338,0.09922127021307198
Río Negro,2020,1,47756,38479,10381,2020-01-01,-1991.0,546.0,723.0,96616,0.10744597168170904
Río Negro,2020,2,49756,39650,10382,2020-04-01,2000.0,1171.0,1.0,99788,0.10404056599991983
Río Negro,2020,3,49530,40001,10381,2020-07-01,-226.0,351.0,-1.0,99912,0.10390143326126992
Río Negro,2020,4,48991,42022,17826,2020-10-01,-539.0,2021.0,7445.0,108839,0.16378320271226307
Río Negro,2021,1,48777,42192,17828,2021-01-01,-214.0,170.0,2.0,108797,0.16386481244887266
Río Negro,2021,2,48189,43761,18727,2021-04-01,-588.0,1569.0,899.0,110677,0.1692040803418958
Río Negro,2021,3,47934,44519,18725,2021-07-01,-255.0,758.0,-2.0,111178,0.1684236089873896
Río Negro,2021,4,42037,44495,32212,2021-10-01,-5897.0,-24.0,13487.0,118744,0.2712726537761908
Río Negro,2022,1,38662,45366,38037,2022-01-01,-3375.0,871.0,5825.0,122065,0.3116126653831975
Río Negro,2022,2,36050,47040,40946,2022-04-01,-2612.0,1674.0,2909.0,124036,0.3301138379180238
Río Negro,2022,3,35552,48260,41017,2022-07-01,-498.0,1220.0,71.0,124829,0.3285855049708001
Río Negro,2022,4,34043,48401,43958,2022-10-01,-1509.0,141.0,2941.0,126402,0.34776348475498803
Río Negro,2023,1,33604,49128,45329,2023-01-01,-439.0,727.0,1371.0,128061,0.3539641264709787
Río Negro,2023,2,26390,49684,53325,2023-04-01,-7214.0,556.0,7996.0,129399,0.41209746597732594
Río Negro,2023,3,22422,50429,56668,2023-07-01,-3968.0,745.0,3343.0,129519,0.43752654050757034
Río Negro,2023,4,21192,49789,64323,2023-10-01,-1230.0,-640.0,7655.0,135304,0.4753961449772364
Río Negro,2024,1,20841,49727,66889,2024-01-01,-351.0,-62.0,2566.0,137457,0.48661763315073076
Río Negro,2024,2,20771,49722,67636,2024-04-01,-70.0,-5.0,747.0,138129,0.48965821804255444
Salta,2014,1,73131,17538,45,2014-01-01,,,,90714,0.0004960645545340301
Salta,2014,2,73841,17504,45,2014-04-01,710.0,-34.0,0.0,91390,0.0004923952292373345
Salta,2014,3,73828,18394,43,2014-07-01,-13.0,890.0,-2.0,92265,0.00046604888094076846
Salta,2014,4,76026,17289,48,2014-10-01,2198.0,-1105.0,5.0,93363,0.0005141222968413612
Salta,2015,1,76280,19781,47,2015-01-01,254.0,2492.0,-1.0,96108,0.0004890331710159404
Salta,2015,2,77214,20297,47,2015-04-01,934.0,516.0,0.0,97558,0.0004817646938231616
Salta,2015,3,78064,21688,47,2015-07-01,850.0,1391.0,0.0,99799,0.00047094660267136943
Salta,2015,4,78744,22446,47,2015-10-01,680.0,758.0,0.0,101237,0.00046425713918824143
Salta,2016,1,78973,22741,73,2016-01-01,229.0,295.0,26.0,101787,0.0007171839232907936
Salta,2016,2,79438,24719,85,2016-04-01,465.0,1978.0,12.0,104242,0.0008154102952744575
Salta,2016,3,80866,26113,90,2016-07-01,1428.0,1394.0,5.0,107069,0.0008405794394269116
Salta,2016,4,79389,26657,110,2016-10-01,-1477.0,544.0,20.0,106156,0.0010362108594898075
Salta,2017,1,79837,26845,114,2017-01-01,448.0,188.0,4.0,106796,0.0010674557099516835
Salta,2017,2,80184,27280,115,2017-04-01,347.0,435.0,1.0,107579,0.0010689818644902815
Salta,2017,3,80782,50284,127,2017-07-01,598.0,23004.0,12.0,131193,0.0009680394533244914
Salta,2017,4,80705,50446,127,2017-10-01,-77.0,162.0,0.0,131278,0.0009674126662502475
Salta,2018,1,79936,51534,118,2018-01-01,-769.0,1088.0,-9.0,131588,0.000896738304404657
Salta,2018,2,78386,53478,678,2018-04-01,-1550.0,1944.0,560.0,132542,0.005115359659579605
Salta,2018,3,76600,53980,678,2018-07-01,-1786.0,502.0,0.0,131258,0.005165399442319706
Salta,2018,4,74295,57539,638,2018-10-01,-2305.0,3559.0,-40.0,132472,0.004816112084063047
Salta,2019,4,63272,76062,21865,2019-10-01,-11023.0,18523.0,21227.0,161199,0.1356397992543378
Salta,2020,1,60426,75593,23025,2020-01-01,-2846.0,-469.0,1160.0,159044,0.1447712582681522
Salta,2020,2,59502,81740,24289,2020-04-01,-924.0,6147.0,1264.0,165531,0.1467338444158496
Salta,2020,3,58216,84128,25445,2020-07-01,-1286.0,2388.0,1156.0,167789,0.1516487970009953
Salta,2020,4,56659,87817,30604,2020-10-01,-1557.0,3689.0,5159.0,175080,0.17480009138679461
Salta,2021,1,54768,89187,31498,2021-01-01,-1891.0,1370.0,894.0,175453,0.17952386109100443
Salta,2021,2,51396,96016,32050,2021-04-01,-3372.0,6829.0,552.0,179462,0.17858933924730583
Salta,2021,3,49212,98318,36126,2021-07-01,-2184.0,2302.0,4076.0,183656,0.1967047088034151
Salta,2021,4,46972,99808,39555,2021-10-01,-2240.0,1490.0,3429.0,186335,0.21227895993774654
Salta,2022,1,44714,98667,40994,2022-01-01,-2258.0,-1141.0,1439.0,184375,0.22234033898305083
Salta,2022,2,42665,96178,47076,2022-04-01,-2049.0,-2489.0,6082.0,185919,0.2532070417762574
Salta,2022,3,40006,96984,50254,2022-07-01,-2659.0,806.0,3178.0,187244,0.26838777210484716
Salta,2022,4,36939,97023,53470,2022-10-01,-3067.0,39.0,3216.0,187432,0.2852767937171881
Salta,2023,1,33427,96922,56259,2023-01-01,-3512.0,-101.0,2789.0,186608,0.3014822515647775
Salta,2023,2,30666,97501,58275,2023-04-01,-2761.0,579.0,2016.0,186442,0.3125636927301788
Salta,2023,3,29113,98324,59914,2023-07-01,-1553.0,823.0,1639.0,187351,0.3197954641288277
Salta,2023,4,26765,98853,60800,2023-10-01,-2348.0,529.0,886.0,186418,0.3261487624585609
Salta,2024,1,23858,99150,61543,2024-01-01,-2907.0,297.0,743.0,184551,0.3334742157994267
Salta,2024,2,19831,98511,64689,2024-04-01,-4027.0,-639.0,3146.0,183031,0.35343193229562203
San Juan,2014,1,48161,434,722,2014-01-01,,,,49317,0.014639982156254436
San Juan,2014,2,48161,451,722,2014-04-01,0.0,17.0,0.0,49334,0.014634937365711274
San Juan,2014,3,48272,451,731,2014-07-01,111.0,0.0,9.0,49454,0.014781413030290775
San Juan,2014,4,48653,451,740,2014-10-01,381.0,0.0,9.0,49844,0.014846320520022471
San Juan,2015,1,48441,451,755,2015-01-01,-212.0,0.0,15.0,49647,0.01520736398976776
San Juan,2015,2,48670,451,770,2015-04-01,229.0,0.0,15.0,49891,0.015433645346856146
San Juan,2015,3,48670,451,770,2015-07-01,0.0,0.0,0.0,49891,0.015433645346856146
San Juan,2015,4,48670,451,770,2015-10-01,0.0,0.0,0.0,49891,0.015433645346856146
San Juan,2016,1,48670,451,770,2016-01-01,0.0,0.0,0.0,49891,0.015433645346856146
San Juan,2016,2,48670,451,770,2016-04-01,0.0,0.0,0.0,49891,0.015433645346856146
San Juan,2016,3,48670,451,770,2016-07-01,0.0,0.0,0.0,49891,0.015433645346856146
San Juan,2016,4,48670,451,772,2016-10-01,0.0,0.0,2.0,49893,0.015473112460665826
San Juan,2017,1,48670,451,772,2017-01-01,0.0,0.0,0.0,49893,0.015473112460665826
San Juan,2017,2,48670,451,772,2017-04-01,0.0,0.0,0.0,49893,0.015473112460665826
San Juan,2017,3,54499,5068,816,2017-07-01,5829.0,4617.0,44.0,60383,0.01351373731017008
San Juan,2017,4,54079,451,812,2017-10-01,-420.0,-4617.0,-4.0,55342,0.014672400708322793
San Juan,2018,1,54080,5068,826,2018-01-01,1.0,4617.0,14.0,59974,0.013772634808416982
San Juan,2018,2,54080,5068,826,2018-04-01,0.0,0.0,0.0,59974,0.013772634808416982
San Juan,2018,3,54025,5838,826,2018-07-01,-55.0,770.0,0.0,60689,0.013610374202903328
San Juan,2018,4,51660,5838,806,2018-10-01,-2365.0,0.0,-20.0,58304,0.013824094401756313
San Juan,2019,4,41360,6338,4931,2019-10-01,-10300.0,500.0,4125.0,52629,0.09369359098595831
San Juan,2020,1,40092,6448,5508,2020-01-01,-1268.0,110.0,577.0,52048,0.1058253919458961
San Juan,2020,2,40092,8275,5509,2020-04-01,0.0,1827.0,1.0,53876,0.10225332244413096
San Juan,2020,3,40092,9223,5509,2020-07-01,0.0,948.0,0.0,54824,0.10048518896833504
San Juan,2020,4,40072,7004,6599,2020-10-01,-20.0,-2219.0,1090.0,53675,0.12294364229156964
San Juan,2021,1,40072,11589,6671,2021-01-01,0.0,4585.0,72.0,58332,0.11436261400260578
San Juan,2021,2,40072,12369,6673,2021-04-01,0.0,780.0,2.0,59114,0.11288358087762629
San Juan,2021,3,40072,12922,6670,2021-07-01,0.0,553.0,-3.0,59664,0.11179270581925449
San Juan,2021,4,35868,13102,11072,2021-10-01,-4204.0,180.0,4402.0,60042,0.18440425035808267
San Juan,2022,1,34038,14449,11294,2022-01-01,-1830.0,1347.0,222.0,59781,0.1889229019253609
San Juan,2022,2,38570,19734,12328,2022-04-01,4532.0,5285.0,1034.0,70632,0.1745384528259146
San Juan,2022,3,38570,22723,12328,2022-07-01,0.0,2989.0,0.0,73621,0.16745222151288355
San Juan,2022,4,38570,22913,12491,2022-10-01,0.0,190.0,163.0,73974,0.16885662530078135
San Juan,2023,1,38568,21215,12798,2023-01-01,-2.0,-1698.0,307.0,72581,0.17632713795621444
San Juan,2023,2,21483,20200,25217,2023-04-01,-17085.0,-1015.0,12419.0,66900,0.3769357249626308
San Juan,2023,3,12669,19376,42383,2023-07-01,-8814.0,-824.0,17166.0,74428,0.5694496694792283
San Juan,2023,4,12669,18543,42691,2023-10-01,0.0,-833.0,308.0,73903,0.5776626118019567
San Juan,2024,1,12669,18543,44904,2024-01-01,0.0,0.0,2213.0,76116,0.5899416679804509
San Juan,2024,2,12669,16978,45792,2024-04-01,0.0,-1565.0,888.0,75439,0.6070069857765877
San Luis,2014,1,11306,428,354,2014-01-01,,,,12088,0.02928524156187955
San Luis,2014,2,11306,925,354,2014-04-01,0.0,497.0,0.0,12585,0.028128724672228843
San Luis,2014,3,11303,925,355,2014-07-01,-3.0,0.0,1.0,12583,0.028212667885241995
San Luis,2014,4,11419,926,355,2014-10-01,116.0,1.0,0.0,12700,0.02795275590551181
San Luis,2015,1,11414,1025,351,2015-01-01,-5.0,99.0,-4.0,12790,0.027443315089913996
San Luis,2015,2,11432,1025,354,2015-04-01,18.0,0.0,3.0,12811,0.027632503317461556
San Luis,2015,3,11432,1025,354,2015-07-01,0.0,0.0,0.0,12811,0.027632503317461556
San Luis,2015,4,11432,1025,354,2015-10-01,0.0,0.0,0.0,12811,0.027632503317461556
San Luis,2016,1,11432,1042,354,2016-01-01,0.0,17.0,0.0,12828,0.027595884003741813
San Luis,2016,2,11432,1063,354,2016-04-01,0.0,21.0,0.0,12849,0.027550782162035957
San Luis,2016,3,11432,1113,354,2016-07-01,0.0,50.0,0.0,12899,0.02744398790603923
San Luis,2016,4,11432,1120,354,2016-10-01,0.0,7.0,0.0,12906,0.027429102742910275
San Luis,2017,1,11432,1120,354,2017-01-01,0.0,0.0,0.0,12906,0.027429102742910275
San Luis,2017,2,11432,1120,354,2017-04-01,0.0,0.0,0.0,12906,0.027429102742910275
San Luis,2017,3,11407,7576,347,2017-07-01,-25.0,6456.0,-7.0,19330,0.01795137092602173
San Luis,2017,4,11104,1119,335,2017-10-01,-303.0,-6457.0,-12.0,12558,0.02667622232839624
San Luis,2018,1,11104,7594,368,2018-01-01,0.0,6475.0,33.0,19066,0.019301374173922164
San Luis,2018,2,11104,7666,368,2018-04-01,0.0,72.0,0.0,19138,0.01922875953600167
San Luis,2018,3,11096,7784,368,2018-07-01,-8.0,118.0,0.0,19248,0.019118869492934332
San Luis,2018,4,11108,7784,378,2018-10-01,12.0,0.0,10.0,19270,0.01961598339387649
San Luis,2019,4,8569,8027,6,2019-10-01,-2539.0,243.0,-372.0,16602,0.0003614022406938923
San Luis,2020,1,8301,7612,5,2020-01-01,-268.0,-415.0,-1.0,15918,0.0003141098127905516
San Luis,2020,2,8401,8357,6,2020-04-01,100.0,745.0,1.0,16764,0.00035790980672870435
San Luis,2020,3,8401,10077,6,2020-07-01,0.0,1720.0,0.0,18484,0.0003246050638389959
San Luis,2020,4,8417,11767,27,2020-10-01,16.0,1690.0,21.0,20211,0.0013359061896986788
San Luis,2021,1,8417,10678,28,2021-01-01,0.0,-1089.0,1.0,19123,0.0014642054071013963
San Luis,2021,2,8417,11308,28,2021-04-01,0.0,630.0,0.0,19753,0.001417506201589632
San Luis,2021,3,8417,11884,27,2021-07-01,0.0,576.0,-1.0,20328,0.0013282172373081465
San Luis,2021,4,8472,11064,30,2021-10-01,55.0,-820.0,3.0,19566,0.0015332720024532351
San Luis,2022,1,7987,11296,31,2022-01-01,-485.0,232.0,1.0,19314,0.0016050533291912601
San Luis,2022,2,6860,29034,248,2022-04-01,-1127.0,17738.0,217.0,36142,0.006861822810027115
San Luis,2022,3,6860,29363,248,2022-07-01,0.0,329.0,0.0,36471,0.006799923226673247
San Luis,2022,4,6283,43460,3409,2022-10-01,-577.0,14097.0,3161.0,53152,0.06413681517158339
San Luis,2023,1,6283,42789,6952,2023-01-01,0.0,-671.0,3543.0,56024,0.12408967585320577
San Luis,2023,2,4937,41949,15595,2023-04-01,-1346.0,-840.0,8643.0,62481,0.24959587714665257
San Luis,2023,3,4037,41624,24525,2023-07-01,-900.0,-325.0,8930.0,70186,0.34942866098652153
San Luis,2023,4,4037,41260,30135,2023-10-01,0.0,-364.0,5610.0,75432,0.3994988864142539
San Luis,2024,1,4038,41260,31539,2024-01-01,1.0,0.0,1404.0,76837,0.41046631180290744
San Luis,2024,2,4038,40063,34255,2024-04-01,0.0,-1197.0,2716.0,78356,0.43717137168819237
Santa Cruz,2014,1,18927,100,381,2014-01-01,,,,19408,0.019631079967023908
Santa Cruz,2014,2,18956,448,381,2014-04-01,29.0,348.0,0.0,19785,0.019257012888551934
Santa Cruz,2014,3,17862,492,385,2014-07-01,-1094.0,44.0,4.0,18739,0.02054538662682107
Santa Cruz,2014,4,17553,448,388,2014-10-01,-309.0,-44.0,3.0,18389,0.021099570395345043
Santa Cruz,2015,1,16215,2700,392,2015-01-01,-1338.0,2252.0,4.0,19307,0.02030351685917025
Santa Cruz,2015,2,15343,2707,396,2015-04-01,-872.0,7.0,4.0,18446,0.021468068958039682
Santa Cruz,2015,3,15540,2718,396,2015-07-01,197.0,11.0,0.0,18654,0.02122869089739466
Santa Cruz,2015,4,15614,2723,396,2015-10-01,74.0,5.0,0.0,18733,0.021139166177334117
Santa Cruz,2016,1,15654,2723,396,2016-01-01,40.0,0.0,0.0,18773,0.021094124540563575
Santa Cruz,2016,2,15453,2722,396,2016-04-01,-201.0,-1.0,0.0,18571,0.021323569005438588
Santa Cruz,2016,3,15570,2722,817,2016-07-01,117.0,0.0,421.0,19109,0.04275472290543723
Santa Cruz,2016,4,15607,2722,1055,2016-10-01,37.0,0.0,238.0,19384,0.05442633099463475
Santa Cruz,2017,1,15502,2722,1272,2017-01-01,-105.0,0.0,217.0,19496,0.06524415264669675
Santa Cruz,2017,2,15311,2722,1365,2017-04-01,-191.0,0.0,93.0,19398,0.07036807918342097
Santa Cruz,2017,3,19220,5487,1544,2017-07-01,3909.0,2765.0,179.0,26251,0.05881680697878176
Santa Cruz,2017,4,18614,1668,582,2017-10-01,-606.0,-3819.0,-962.0,20864,0.027894938650306747
Santa Cruz,2018,1,18615,4474,1799,2018-01-01,1.0,2806.0,1217.0,24888,0.07228383156541306
Santa Cruz,2018,2,18615,4474,585,2018-04-01,0.0,0.0,-1214.0,23674,0.0247106530370871
Santa Cruz,2018,3,18606,4574,585,2018-07-01,-9.0,100.0,0.0,23765,0.02461603197980223
Santa Cruz,2018,4,10659,4615,382,2018-10-01,-7947.0,41.0,-203.0,15656,0.0243995912110373
Santa Cruz,2019,4,13264,15899,1036,2019-10-01,2605.0,11284.0,654.0,30199,0.03430577171429518
Santa Cruz,2020,1,12845,15766,1026,2020-01-01,-419.0,-133.0,-10.0,29637,0.03461888855147282
Santa Cruz,2020,2,12845,16044,1027,2020-04-01,0.0,278.0,1.0,29916,0.034329455809600215
Santa Cruz,2020,3,12845,16098,1027,2020-07-01,0.0,54.0,0.0,29970,0.0342676009342676
Santa Cruz,2020,4,12347,19657,1041,2020-10-01,-498.0,3559.0,14.0,33045,0.03150249659555152
Santa Cruz,2021,1,12347,23089,5975,2021-01-01,0.0,3432.0,4934.0,41411,0.1442853348144213
Santa Cruz,2021,2,12347,22967,6328,2021-04-01,0.0,-122.0,353.0,41642,0.15196196148119687
Santa Cruz,2021,3,12347,22961,6328,2021-07-01,0.0,-6.0,0.0,41636,0.15198386012104909
Santa Cruz,2021,4,10790,22902,10031,2021-10-01,-1557.0,-59.0,3703.0,43723,0.22942158589300826
Santa Cruz,2022,1,10537,23420,10766,2022-01-01,-253.0,518.0,735.0,44723,0.24072624823916106
Santa Cruz,2022,2,10170,23725,10815,2022-04-01,-367.0,305.0,49.0,44710,0.24189219414001342
Santa Cruz,2022,3,10170,24047,10815,2022-07-01,0.0,322.0,0.0,45032,0.24016255107479126
Santa Cruz,2022,4,9702,23876,12217,2022-10-01,-468.0,-171.0,1402.0,45795,0.2667758488918004
Santa Cruz,2023,1,9702,23839,12217,2023-01-01,0.0,-37.0,0.0,45758,0.26699156431662224
Santa Cruz,2023,2,9019,23896,11269,2023-04-01,-683.0,57.0,-948.0,44184,0.2550470758645664
Santa Cruz,2023,3,8376,23931,11270,2023-07-01,-643.0,35.0,1.0,43577,0.2586226679211511
Santa Cruz,2023,4,7768,15669,55246,2023-10-01,-608.0,-8262.0,43976.0,78683,0.7021338789827536
Santa Cruz,2024,1,7768,14435,49545,2024-01-01,0.0,-1234.0,-5701.0,71748,0.6905418966382338
Santa Cruz,2024,2,7768,14134,49545,2024-04-01,0.0,-301.0,0.0,71447,0.6934510896188784
Santa Fe,2014,1,322662,174296,3059,2014-01-01,,,,500017,0.006117791995072168
Santa Fe,2014,2,324101,178495,3085,2014-04-01,1439.0,4199.0,26.0,505681,0.006100684028073034
Santa Fe,2014,3,325577,183630,4407,2014-07-01,1476.0,5135.0,1322.0,513614,0.008580373587947368
Santa Fe,2014,4,335267,183009,3205,2014-10-01,9690.0,-621.0,-1202.0,521481,0.006145957379079967
Santa Fe,2015,1,328809,199037,2845,2015-01-01,-6458.0,16028.0,-360.0,530691,0.005360935082750602
Santa Fe,2015,2,333117,204685,2877,2015-04-01,4308.0,5648.0,32.0,540679,0.0053210870035640375
Santa Fe,2015,3,337042,209673,4169,2015-07-01,3925.0,4988.0,1292.0,550884,0.007567836422912991
Santa Fe,2015,4,339843,212911,2885,2015-10-01,2801.0,3238.0,-1284.0,555639,0.0051922201285366934
Santa Fe,2016,1,338052,204816,3014,2016-01-01,-1791.0,-8095.0,129.0,545882,0.005521339776728304
Santa Fe,2016,2,336244,219088,2981,2016-04-01,-1808.0,14272.0,-33.0,558313,0.005339298923721998
Santa Fe,2016,3,334911,223011,3037,2016-07-01,-1333.0,3923.0,56.0,560959,0.005413942908483508
Santa Fe,2016,4,326721,225792,3201,2016-10-01,-8190.0,2781.0,164.0,555714,0.005760157203165657
Santa Fe,2017,1,327458,226094,3210,2017-01-01,737.0,302.0,9.0,556762,0.005765479684317536
Santa Fe,2017,2,329813,228102,3234,2017-04-01,2355.0,2008.0,24.0,561149,0.005763175199456828
Santa Fe,2017,3,322953,290655,6338,2017-07-01,-6860.0,62553.0,3104.0,619946,0.010223471076513115
Santa Fe,2017,4,341680,293831,10602,2017-10-01,18727.0,3176.0,4264.0,646113,0.016408894419397226
Santa Fe,2018,1,341997,300421,10674,2018-01-01,317.0,6590.0,72.0,653092,0.01634379229878792
Santa Fe,2018,2,337934,304349,11354,2018-04-01,-4063.0,3928.0,680.0,653637,0.01737049769214411
Santa Fe,2018,3,339126,312866,11749,2018-07-01,1192.0,8517.0,395.0,663741,0.017701181635607865
Santa Fe,2018,4,335519,322782,14387,2018-10-01,-3607.0,9916.0,2638.0,672688,0.021387329638703233
Santa Fe,2019,4,312072,382254,27464,2019-10-01,-23447.0,59472.0,13077.0,721790,0.03804984829382507
Santa Fe,2020,1,302366,383673,35123,2020-01-01,-9706.0,1419.0,7659.0,721162,0.04870334266087231
Santa Fe,2020,2,299974,381679,46698,2020-04-01,-2392.0,-1994.0,11575.0,728351,0.06411469195484046
Santa Fe,2020,3,295051,405807,45721,2020-07-01,-4923.0,24128.0,-977.0,746579,0.0612406724539533
Santa Fe,2020,4,287271,414746,62692,2020-10-01,-7780.0,8939.0,16971.0,764709,0.08198151192152832
Santa Fe,2021,1,277012,421480,70976,2021-01-01,-10259.0,6734.0,8284.0,769468,0.09224035307511164
Santa Fe,2021,2,256741,431915,90424,2021-04-01,-20271.0,10435.0,19448.0,779080,0.11606510242850542
Santa Fe,2021,3,245929,443156,93412,2021-07-01,-10812.0,11241.0,2988.0,782497,0.11937681550216805
Santa Fe,2021,4,233427,444373,128856,2021-10-01,-12502.0,1217.0,35444.0,806656,0.15974095525230086
Santa Fe,2022,1,213486,444609,146552,2022-01-01,-19941.0,236.0,17696.0,804647,0.18213204050968934
Santa Fe,2022,2,198492,428233,189503,2022-04-01,-14994.0,-16376.0,42951.0,816228,0.23216919782217713
Santa Fe,2022,3,183740,426255,215189,2022-07-01,-14752.0,-1978.0,25686.0,825184,0.2607769903439718
Santa Fe,2022,4,163621,412157,248558,2022-10-01,-20119.0,-14098.0,33369.0,824336,0.3015251062673473
Santa Fe,2023,1,138935,405618,283988,2023-01-01,-24686.0,-6539.0,35430.0,828541,0.342756725376294
Santa Fe,2023,2,126344,399669,311166,2023-04-01,-12591.0,-5949.0,27178.0,837179,0.37168395289418393
Santa Fe,2023,3,108503,397854,336013,2023-07-01,-17841.0,-1815.0,24847.0,842370,0.39889003644479265
Santa Fe,2023,4,97004,398670,355762,2023-10-01,-11499.0,816.0,19749.0,851436,0.41783762960457393
Santa Fe,2024,1,86548,399817,374288,2024-01-01,-10456.0,1147.0,18526.0,860653,0.4348883928830783
Santa Fe,2024,2,88486,394939,390090,2024-04-01,1938.0,-4878.0,15802.0,873515,0.44657504450410124
Santiago Del Estero,2014,1,32567,3598,19,2014-01-01,,,,36184,0.0005250939641830644
Santiago Del Estero,2014,2,32820,4231,19,2014-04-01,253.0,633.0,0.0,37070,0.0005125438359859725
Santiago Del Estero,2014,3,32820,3900,19,2014-07-01,0.0,-331.0,0.0,36739,0.0005171615993902937
Santiago Del Estero,2014,4,34110,4231,19,2014-10-01,1290.0,331.0,0.0,38360,0.0004953076120959332
Santiago Del Estero,2015,1,33813,4365,19,2015-01-01,-297.0,134.0,0.0,38197,0.0004974212634500092
Santiago Del Estero,2015,2,33873,4365,19,2015-04-01,60.0,0.0,0.0,38257,0.0004966411375695951
Santiago Del Estero,2015,3,33886,4365,19,2015-07-01,13.0,0.0,0.0,38270,0.0004964724327149203
Santiago Del Estero,2015,4,33582,4365,19,2015-10-01,-304.0,0.0,0.0,37966,0.0005004477690565243
Santiago Del Estero,2016,1,32838,3900,19,2016-01-01,-744.0,-465.0,0.0,36757,0.0005169083439889
Santiago Del Estero,2016,2,32101,3900,19,2016-04-01,-737.0,0.0,0.0,36020,0.0005274847307051638
Santiago Del Estero,2016,3,31730,3900,19,2016-07-01,-371.0,0.0,0.0,35649,0.0005329742769783163
Santiago Del Estero,2016,4,30192,3900,19,2016-10-01,-1538.0,0.0,0.0,34111,0.0005570050716777579
Santiago Del Estero,2017,1,29616,3900,19,2017-01-01,-576.0,0.0,0.0,33535,0.0005665722379603399
Santiago Del Estero,2017,2,28337,3900,19,2017-04-01,-1279.0,0.0,0.0,32256,0.0005890376984126984
Santiago Del Estero,2017,3,27733,54096,19,2017-07-01,-604.0,50196.0,0.0,81848,0.0002321376209559183
Santiago Del Estero,2017,4,27313,40407,19,2017-10-01,-420.0,-13689.0,0.0,67739,0.00028048834497113924
Santiago Del Estero,2018,1,26788,54594,23,2018-01-01,-525.0,14187.0,4.0,81405,0.00028253792764572203
Santiago Del Estero,2018,2,26074,55935,23,2018-04-01,-714.0,1341.0,0.0,82032,0.0002803783889213965
Santiago Del Estero,2018,3,25805,58789,23,2018-07-01,-269.0,2854.0,0.0,84617,0.0002718129926610492
Santiago Del Estero,2018,4,25339,61243,23,2018-10-01,-466.0,2454.0,0.0,86605,0.0002655735812020091
Santiago Del Estero,2019,4,24682,71239,200,2019-10-01,-657.0,9996.0,177.0,96121,0.002080710770799305
Santiago Del Estero,2020,1,24695,70424,200,2020-01-01,13.0,-815.0,0.0,95319,0.0020982175641792297
Santiago Del Estero,2020,2,25917,72074,355,2020-04-01,1222.0,1650.0,155.0,98346,0.0036097045126390497
Santiago Del Estero,2020,3,26419,70720,555,2020-07-01,502.0,-1354.0,200.0,97694,0.005681003951112658
Santiago Del Estero,2020,4,26812,70522,570,2020-10-01,393.0,-198.0,15.0,97904,0.005822029743422128
Santiago Del Estero,2021,1,26468,75849,570,2021-01-01,-344.0,5327.0,0.0,102887,0.005540058510793395
Santiago Del Estero,2021,2,20734,83770,909,2021-04-01,-5734.0,7921.0,339.0,105413,0.008623224839441055
Santiago Del Estero,2021,3,19939,85535,909,2021-07-01,-795.0,1765.0,0.0,106383,0.008544598291080343
Santiago Del Estero,2021,4,19032,86563,1088,2021-10-01,-907.0,1028.0,179.0,106683,0.010198438364125493
Santiago Del Estero,2022,1,18118,87979,1093,2022-01-01,-914.0,1416.0,5.0,107190,0.010196846720776191
Santiago Del Estero,2022,2,16561,80338,11605,2022-04-01,-1557.0,-7641.0,10512.0,108504,0.10695458231954583
Santiago Del Estero,2022,3,15385,80937,13170,2022-07-01,-1176.0,599.0,1565.0,109492,0.12028276038432031
Santiago Del Estero,2022,4,13577,80955,15117,2022-10-01,-1808.0,18.0,1947.0,109649,0.13786719441125775
Santiago Del Estero,2023,1,11642,80407,16656,2023-01-01,-1935.0,-548.0,1539.0,108705,0.15322202290603007
Santiago Del Estero,2023,2,10629,80086,17244,2023-04-01,-1013.0,-321.0,588.0,107959,0.15972730388388184
Santiago Del Estero,2023,3,9412,80919,21745,2023-07-01,-1217.0,833.0,4501.0,112076,0.19402012919804418
Santiago Del Estero,2023,4,8290,80692,24271,2023-10-01,-1122.0,-227.0,2526.0,113253,0.21430778875614773
Santiago Del Estero,2024,1,6644,80722,27018,2024-01-01,-1646.0,30.0,2747.0,114384,0.2362043642467478
Santiago Del Estero,2024,2,5328,80000,30008,2024-04-01,-1316.0,-722.0,2990.0,115336,0.2601789553998751
Tierra Del Fuego,2014,1,21618,2837,648,2014-01-01,,,,25103,0.025813647771182727
Tierra Del Fuego,2014,2,21618,3008,648,2014-04-01,0.0,171.0,0.0,25274,0.025638996597293663
Tierra Del Fuego,2014,3,21840,3469,650,2014-07-01,222.0,461.0,2.0,25959,0.025039485342270504
Tierra Del Fuego,2014,4,21948,3664,655,2014-10-01,108.0,195.0,5.0,26267,0.024936231773708455
Tierra Del Fuego,2015,1,22291,7924,657,2015-01-01,343.0,4260.0,2.0,30872,0.021281420057009587
Tierra Del Fuego,2015,2,22636,7927,665,2015-04-01,345.0,3.0,8.0,31228,0.021294991674138595
Tierra Del Fuego,2015,3,22636,8085,665,2015-07-01,0.0,158.0,0.0,31386,0.02118779073472249
Tierra Del Fuego,2015,4,22636,4301,665,2015-10-01,0.0,-3784.0,0.0,27602,0.024092457068328382
Tierra Del Fuego,2016,1,22636,4834,665,2016-01-01,0.0,533.0,0.0,28135,0.023636040518926604
Tierra Del Fuego,2016,2,22636,5707,665,2016-04-01,0.0,873.0,0.0,29008,0.022924710424710424
Tierra Del Fuego,2016,3,22636,6276,665,2016-07-01,0.0,569.0,0.0,29577,0.022483686648409235
Tierra Del Fuego,2016,4,22636,6905,665,2016-10-01,0.0,629.0,0.0,30206,0.02201549361054095
Tierra Del Fuego,2017,1,22636,6905,665,2017-01-01,0.0,0.0,0.0,30206,0.02201549361054095
Tierra Del Fuego,2017,2,22636,6905,665,2017-04-01,0.0,0.0,0.0,30206,0.02201549361054095
Tierra Del Fuego,2017,3,21587,7012,622,2017-07-01,-1049.0,107.0,-43.0,29221,0.0212860613942028
Tierra Del Fuego,2017,4,19372,6906,530,2017-10-01,-2215.0,-106.0,-92.0,26808,0.01977021784541928
Tierra Del Fuego,2018,1,19372,9663,531,2018-01-01,0.0,2757.0,1.0,29566,0.017959818710681186
Tierra Del Fuego,2018,2,19372,22756,531,2018-04-01,0.0,13093.0,0.0,42659,0.012447549168991302
Tierra Del Fuego,2018,3,19365,22649,1502,2018-07-01,-7.0,-107.0,971.0,43516,0.03451604007721298
Tierra Del Fuego,2018,4,19789,23349,1623,2018-10-01,424.0,700.0,121.0,44761,0.036259243537901296
Tierra Del Fuego,2019,4,13261,26821,0,2019-10-01,-6528.0,3472.0,-1623.0,40082,0.0
Tierra Del Fuego,2020,1,12854,25632,0,2020-01-01,-407.0,-1189.0,0.0,38486,0.0
Tierra Del Fuego,2020,2,12854,26025,0,2020-04-01,0.0,393.0,0.0,38879,0.0
Tierra Del Fuego,2020,3,12854,26491,0,2020-07-01,0.0,466.0,0.0,39345,0.0
Tierra Del Fuego,2020,4,12853,26439,6,2020-10-01,-1.0,-52.0,6.0,39298,0.0001526795256756069
Tierra Del Fuego,2021,1,12853,27247,6,2021-01-01,0.0,808.0,0.0,40106,0.00014960355059093404
Tierra Del Fuego,2021,2,12853,22504,6,2021-04-01,0.0,-4743.0,0.0,35363,0.0001696688629358369
Tierra Del Fuego,2021,3,12853,36958,6,2021-07-01,0.0,14454.0,0.0,49817,0.00012044081337695968
Tierra Del Fuego,2021,4,13317,38148,426,2021-10-01,464.0,1190.0,420.0,51891,0.008209516101057987
Tierra Del Fuego,2022,1,13031,38700,416,2022-01-01,-286.0,552.0,-10.0,52147,0.007977448367116037
Tierra Del Fuego,2022,2,12754,39837,403,2022-04-01,-277.0,1137.0,-13.0,52994,0.007604634486923048
Tierra Del Fuego,2022,3,12754,39963,403,2022-07-01,0.0,126.0,0.0,53120,0.007586596385542169
Tierra Del Fuego,2022,4,12754,41293,405,2022-10-01,0.0,1330.0,2.0,54452,0.007437743333578197
Tierra Del Fuego,2023,1,12754,43146,405,2023-01-01,0.0,1853.0,0.0,56305,0.0071929668768315426
Tierra Del Fuego,2023,2,12392,45224,525,2023-04-01,-362.0,2078.0,120.0,58141,0.009029772449734267
Tierra Del Fuego,2023,3,9357,45203,3682,2023-07-01,-3035.0,-21.0,3157.0,58242,0.06321898286459943
Tierra Del Fuego,2023,4,9357,48071,3682,2023-10-01,0.0,2868.0,0.0,61110,0.06025200458190149
Tierra Del Fuego,2024,1,9357,48005,3684,2024-01-01,0.0,-66.0,2.0,61046,0.0603479343445926
Tierra Del Fuego,2024,2,9357,47859,3684,2024-04-01,0.0,-146.0,0.0,60900,0.060492610837438426
Tucumán,2014,1,129717,83,121,2014-01-01,,,,129921,0.0009313351960037253
Tucumán,2014,2,131740,97,121,2014-04-01,2023.0,14.0,0.0,131958,0.0009169584261659012
Tucumán,2014,3,131739,97,117,2014-07-01,-1.0,0.0,-4.0,131953,0.0008866793479496487
Tucumán,2014,4,137093,97,116,2014-10-01,5354.0,0.0,-1.0,137306,0.0008448283396209925
Tucumán,2015,1,137857,115,116,2015-01-01,764.0,18.0,0.0,138088,0.0008400440298939806
Tucumán,2015,2,139944,479,116,2015-04-01,2087.0,364.0,0.0,140539,0.000825393662968998
Tucumán,2015,3,142925,1135,116,2015-07-01,2981.0,656.0,0.0,144176,0.0008045721895461103
Tucumán,2015,4,144188,1653,116,2015-10-01,1263.0,518.0,0.0,145957,0.0007947546195112259
Tucumán,2016,1,144233,2165,116,2016-01-01,45.0,512.0,0.0,146514,0.0007917332132082941
Tucumán,2016,2,145486,2968,116,2016-04-01,1253.0,803.0,0.0,148570,0.0007807767382378677
Tucumán,2016,3,147259,3850,116,2016-07-01,1773.0,882.0,0.0,151225,0.0007670689370143825
Tucumán,2016,4,146995,4482,116,2016-10-01,-264.0,632.0,0.0,151593,0.0007652068367272895
Tucumán,2017,1,147373,5223,116,2017-01-01,378.0,741.0,0.0,152712,0.0007595997695007596
Tucumán,2017,2,149013,5223,116,2017-04-01,1640.0,0.0,0.0,154352,0.0007515289727376386
Tucumán,2017,3,154130,6431,106,2017-07-01,5117.0,1208.0,-10.0,160667,0.0006597496685691524
Tucumán,2017,4,156583,5223,105,2017-10-01,2453.0,-1208.0,-1.0,161911,0.0006485044252706734
Tucumán,2018,1,158611,8921,107,2018-01-01,2028.0,3698.0,2.0,167639,0.000638276296088619
Tucumán,2018,2,160315,8965,110,2018-04-01,1704.0,44.0,3.0,169390,0.0006493889840014169
Tucumán,2018,3,161209,9280,110,2018-07-01,894.0,315.0,0.0,170599,0.000644786897930234
Tucumán,2018,4,159215,11670,119,2018-10-01,-1994.0,2390.0,9.0,171004,0.0006958901546162663
Tucumán,2019,4,146985,11012,39574,2019-10-01,-12230.0,-658.0,39455.0,197571,0.20030267600002025
Tucumán,2020,1,143184,10494,44687,2020-01-01,-3801.0,-518.0,5113.0,198365,0.22527663650341542
Tucumán,2020,2,150084,9833,55120,2020-04-01,6900.0,-661.0,10433.0,215037,0.2563279807661007
Tucumán,2020,3,149605,11752,59949,2020-07-01,-479.0,1919.0,4829.0,221306,0.27088736862082363
Tucumán,2020,4,149322,11150,68043,2020-10-01,-283.0,-602.0,8094.0,228515,0.29776163490361685
Tucumán,2021,1,147199,12185,69954,2021-01-01,-2123.0,1035.0,1911.0,229338,0.30502576982445123
Tucumán,2021,2,110429,48359,71683,2021-04-01,-36770.0,36174.0,1729.0,230471,0.31102828555436474
Tucumán,2021,3,104489,53868,70964,2021-07-01,-5940.0,5509.0,-719.0,229321,0.30945268858935726
Tucumán,2021,4,97830,59022,78790,2021-10-01,-6659.0,5154.0,7826.0,235642,0.3343631440914608
Tucumán,2022,1,92532,62396,86174,2022-01-01,-5298.0,3374.0,7384.0,241102,0.35741719272341166
Tucumán,2022,2,85893,15327,148823,2022-04-01,-6639.0,-47069.0,62649.0,250043,0.59518962738409
Tucumán,2022,3,77738,18518,162345,2022-07-01,-8155.0,3191.0,13522.0,258601,0.6277817951206686
Tucumán,2022,4,69441,20668,168717,2022-10-01,-8297.0,2150.0,6372.0,258826,0.6518549141121834
Tucumán,2023,1,55822,19482,180976,2023-01-01,-13619.0,-1186.0,12259.0,256280,0.7061651318869986
Tucumán,2023,2,50019,20012,188986,2023-04-01,-5803.0,530.0,8010.0,259017,0.7296277850488578
Tucumán,2023,3,46348,20545,195053,2023-07-01,-3671.0,533.0,6067.0,261946,0.74463057271346
Tucumán,2023,4,41318,20267,199876,2023-10-01,-5030.0,-278.0,4823.0,261461,0.7644581792313194
Tucumán,2024,1,33682,20361,205959,2024-01-01,-7636.0,94.0,6083.0,260002,0.792143906585334
Tucumán,2024,2,27968,20806,213753,2024-04-01,-5714.0,445.0,7794.0,262527,0.8142133951936372
